subj,session,trial,rt,object_response,category,condition,imagename
dinov2,1,1,NaN,airplane,airplane,NaN,n02690373_00008292.png
dinov2,1,2,NaN,airplane,airplane,NaN,n02690373_00010597.png
dinov2,1,3,NaN,airplane,airplane,NaN,n02690373_00016995.png
dinov2,1,4,NaN,airplane,airplane,NaN,n02690373_00018616.png
dinov2,1,5,NaN,airplane,airplane,NaN,n02690373_00028019.png
dinov2,1,6,NaN,airplane,airplane,NaN,n02690373_00030531.png
dinov2,1,7,NaN,airplane,airplane,NaN,n02690373_00032804.png
dinov2,1,8,NaN,airplane,airplane,NaN,n02690373_00033920.png
dinov2,1,9,NaN,airplane,airplane,NaN,n02690373_00039213.png
dinov2,1,10,NaN,airplane,airplane,NaN,n02690373_00043242.png
dinov2,1,11,NaN,airplane,airplane,NaN,n02690373_00044253.png
dinov2,1,12,NaN,airplane,airplane,NaN,n02690373_00046234.png
dinov2,1,13,NaN,airplane,airplane,NaN,n02690373_00046971.png
dinov2,1,14,NaN,bear,bear,NaN,n02132136_00000871.png
dinov2,1,15,NaN,bear,bear,NaN,n02132136_00003044.png
dinov2,1,16,NaN,bear,bear,NaN,n02132136_00011967.png
dinov2,1,17,NaN,bear,bear,NaN,n02132136_00013482.png
dinov2,1,18,NaN,bear,bear,NaN,n02132136_00015955.png
dinov2,1,19,NaN,bear,bear,NaN,n02132136_00034130.png
dinov2,1,20,NaN,bear,bear,NaN,n02132136_00036597.png
dinov2,1,21,NaN,bear,bear,NaN,n02132136_00038263.png
dinov2,1,22,NaN,bear,bear,NaN,n02132136_00039777.png
dinov2,1,23,NaN,bear,bear,NaN,n02132136_00042274.png
dinov2,1,24,NaN,bear,bear,NaN,n02132136_00046207.png
dinov2,1,25,NaN,bear,bear,NaN,n02132136_00046763.png
dinov2,1,26,NaN,bear,bear,NaN,n02132136_00049345.png
dinov2,1,27,NaN,bear,bear,NaN,n02133161_00006350.png
dinov2,1,28,NaN,bear,bear,NaN,n02133161_00012507.png
dinov2,1,29,NaN,bear,bear,NaN,n02133161_00033693.png
dinov2,1,30,NaN,bear,bear,NaN,n02133161_00035292.png
dinov2,1,31,NaN,bear,bear,NaN,n02133161_00035591.png
dinov2,1,32,NaN,bear,bear,NaN,n02133161_00043648.png
dinov2,1,33,NaN,bear,bear,NaN,n02133161_00049613.png
dinov2,1,34,NaN,bear,bear,NaN,n02133161_00049973.png
dinov2,1,35,NaN,bear,bear,NaN,n02134084_00001498.png
dinov2,1,36,NaN,bear,bear,NaN,n02134084_00005369.png
dinov2,1,37,NaN,bear,bear,NaN,n02134084_00005470.png
dinov2,1,38,NaN,bear,bear,NaN,n02134084_00010742.png
dinov2,1,39,NaN,bear,bear,NaN,n02134084_00021962.png
dinov2,1,40,NaN,bear,bear,NaN,n02134084_00030136.png
dinov2,1,41,NaN,bear,bear,NaN,n02134084_00036763.png
dinov2,1,42,NaN,bear,bear,NaN,n02134084_00037133.png
dinov2,1,43,NaN,bear,bear,NaN,n02134084_00037253.png
dinov2,1,44,NaN,bear,bear,NaN,n02134084_00040871.png
dinov2,1,45,NaN,bear,bear,NaN,n02134084_00041156.png
dinov2,1,46,NaN,bear,bear,NaN,n02134418_00002329.png
dinov2,1,47,NaN,bear,bear,NaN,n02134418_00013052.png
dinov2,1,48,NaN,bear,bear,NaN,n02134418_00028703.png
dinov2,1,49,NaN,bear,bear,NaN,n02134418_00032576.png
dinov2,1,50,NaN,bear,bear,NaN,n02134418_00033241.png
dinov2,1,51,NaN,bear,bear,NaN,n02134418_00033782.png
dinov2,1,52,NaN,bear,bear,NaN,n02134418_00034637.png
dinov2,1,53,NaN,bear,bear,NaN,n02134418_00044129.png
dinov2,1,54,NaN,bear,bear,NaN,n02134418_00045098.png
dinov2,1,55,NaN,bear,bear,NaN,n02134418_00048174.png
dinov2,1,56,NaN,bicycle,bicycle,NaN,n02835271_00001012.png
dinov2,1,57,NaN,bicycle,bicycle,NaN,n02835271_00001311.png
dinov2,1,58,NaN,clock,bicycle,NaN,n02835271_00008007.png
dinov2,1,59,NaN,bicycle,bicycle,NaN,n02835271_00011821.png
dinov2,1,60,NaN,bicycle,bicycle,NaN,n02835271_00018975.png
dinov2,1,61,NaN,bicycle,bicycle,NaN,n02835271_00023131.png
dinov2,1,62,NaN,bicycle,bicycle,NaN,n02835271_00026795.png
dinov2,1,63,NaN,bicycle,bicycle,NaN,n02835271_00033559.png
dinov2,1,64,NaN,bicycle,bicycle,NaN,n02835271_00036903.png
dinov2,1,65,NaN,bicycle,bicycle,NaN,n02835271_00037658.png
dinov2,1,66,NaN,bicycle,bicycle,NaN,n02835271_00042496.png
dinov2,1,67,NaN,bicycle,bicycle,NaN,n02835271_00045400.png
dinov2,1,68,NaN,bicycle,bicycle,NaN,n03792782_00001659.png
dinov2,1,69,NaN,bicycle,bicycle,NaN,n03792782_00001661.png
dinov2,1,70,NaN,bicycle,bicycle,NaN,n03792782_00011329.png
dinov2,1,71,NaN,bicycle,bicycle,NaN,n03792782_00018074.png
dinov2,1,72,NaN,bicycle,bicycle,NaN,n03792782_00019203.png
dinov2,1,73,NaN,bicycle,bicycle,NaN,n03792782_00020631.png
dinov2,1,74,NaN,bicycle,bicycle,NaN,n03792782_00024487.png
dinov2,1,75,NaN,bicycle,bicycle,NaN,n03792782_00024517.png
dinov2,1,76,NaN,bicycle,bicycle,NaN,n03792782_00029396.png
dinov2,1,77,NaN,bicycle,bicycle,NaN,n03792782_00032967.png
dinov2,1,78,NaN,bicycle,bicycle,NaN,n03792782_00036119.png
dinov2,1,79,NaN,bicycle,bicycle,NaN,n03792782_00046987.png
dinov2,1,80,NaN,bird,bird,NaN,n01514859_00001114.png
dinov2,1,81,NaN,bird,bird,NaN,n01514859_00001906.png
dinov2,1,82,NaN,bird,bird,NaN,n01514859_00006195.png
dinov2,1,83,NaN,bird,bird,NaN,n01514859_00014879.png
dinov2,1,84,NaN,bird,bird,NaN,n01514859_00014917.png
dinov2,1,85,NaN,clock,bird,NaN,n01514859_00028107.png
dinov2,1,86,NaN,bird,bird,NaN,n01514859_00029619.png
dinov2,1,87,NaN,bird,bird,NaN,n01514859_00041168.png
dinov2,1,88,NaN,bird,bird,NaN,n01514859_00047753.png
dinov2,1,89,NaN,bird,bird,NaN,n01530575_00000747.png
dinov2,1,90,NaN,bird,bird,NaN,n01530575_00002023.png
dinov2,1,91,NaN,bird,bird,NaN,n01530575_00002191.png
dinov2,1,92,NaN,bird,bird,NaN,n01530575_00010393.png
dinov2,1,93,NaN,bird,bird,NaN,n01530575_00010689.png
dinov2,1,94,NaN,bird,bird,NaN,n01530575_00016476.png
dinov2,1,95,NaN,bird,bird,NaN,n01530575_00023441.png
dinov2,1,96,NaN,bird,bird,NaN,n01530575_00026179.png
dinov2,1,97,NaN,bird,bird,NaN,n01530575_00030224.png
dinov2,1,98,NaN,bird,bird,NaN,n01530575_00033580.png
dinov2,1,99,NaN,bird,bird,NaN,n01530575_00038895.png
dinov2,1,100,NaN,bird,bird,NaN,n01530575_00041836.png
dinov2,1,101,NaN,bird,bird,NaN,n01530575_00047878.png
dinov2,1,102,NaN,bird,bird,NaN,n01530575_00047914.png
dinov2,1,103,NaN,bird,bird,NaN,n01530575_00049568.png
dinov2,1,104,NaN,bird,bird,NaN,n01531178_00002668.png
dinov2,1,105,NaN,bird,bird,NaN,n01531178_00004243.png
dinov2,1,106,NaN,clock,bird,NaN,n01531178_00004893.png
dinov2,1,107,NaN,bird,bird,NaN,n01531178_00005287.png
dinov2,1,108,NaN,bird,bird,NaN,n01531178_00010409.png
dinov2,1,109,NaN,bird,bird,NaN,n01531178_00015903.png
dinov2,1,110,NaN,bird,bird,NaN,n01531178_00016252.png
dinov2,1,111,NaN,bird,bird,NaN,n01531178_00019236.png
dinov2,1,112,NaN,bird,bird,NaN,n01531178_00019744.png
dinov2,1,113,NaN,bird,bird,NaN,n01531178_00025507.png
dinov2,1,114,NaN,bird,bird,NaN,n01531178_00030071.png
dinov2,1,115,NaN,bird,bird,NaN,n01531178_00031086.png
dinov2,1,116,NaN,bird,bird,NaN,n01531178_00034250.png
dinov2,1,117,NaN,bird,bird,NaN,n01531178_00037611.png
dinov2,1,118,NaN,bird,bird,NaN,n01531178_00044706.png
dinov2,1,119,NaN,bird,bird,NaN,n01532829_00004747.png
dinov2,1,120,NaN,bird,bird,NaN,n01532829_00007237.png
dinov2,1,121,NaN,bird,bird,NaN,n01532829_00015830.png
dinov2,1,122,NaN,bird,bird,NaN,n01532829_00017577.png
dinov2,1,123,NaN,bird,bird,NaN,n01532829_00018699.png
dinov2,1,124,NaN,bird,bird,NaN,n01532829_00020495.png
dinov2,1,125,NaN,bird,bird,NaN,n01532829_00021523.png
dinov2,1,126,NaN,bird,bird,NaN,n01532829_00023162.png
dinov2,1,127,NaN,bird,bird,NaN,n01532829_00029709.png
dinov2,1,128,NaN,bird,bird,NaN,n01532829_00031171.png
dinov2,1,129,NaN,bird,bird,NaN,n01532829_00038160.png
dinov2,1,130,NaN,bird,bird,NaN,n01532829_00042370.png
dinov2,1,131,NaN,bird,bird,NaN,n01532829_00047688.png
dinov2,1,132,NaN,bird,bird,NaN,n01532829_00048437.png
dinov2,1,133,NaN,bird,bird,NaN,n01534433_00000713.png
dinov2,1,134,NaN,bird,bird,NaN,n01534433_00001915.png
dinov2,1,135,NaN,bird,bird,NaN,n01534433_00004577.png
dinov2,1,136,NaN,bird,bird,NaN,n01534433_00007853.png
dinov2,1,137,NaN,bird,bird,NaN,n01534433_00010456.png
dinov2,1,138,NaN,bird,bird,NaN,n01534433_00013512.png
dinov2,1,139,NaN,bird,bird,NaN,n01534433_00013945.png
dinov2,1,140,NaN,bird,bird,NaN,n01534433_00015410.png
dinov2,1,141,NaN,bird,bird,NaN,n01534433_00015416.png
dinov2,1,142,NaN,bird,bird,NaN,n01534433_00023125.png
dinov2,1,143,NaN,bird,bird,NaN,n01534433_00024884.png
dinov2,1,144,NaN,bird,bird,NaN,n01534433_00035389.png
dinov2,1,145,NaN,bird,bird,NaN,n01534433_00035540.png
dinov2,1,146,NaN,bird,bird,NaN,n01534433_00038794.png
dinov2,1,147,NaN,bird,bird,NaN,n01537544_00002071.png
dinov2,1,148,NaN,bird,bird,NaN,n01537544_00002449.png
dinov2,1,149,NaN,clock,bird,NaN,n01537544_00006328.png
dinov2,1,150,NaN,bird,bird,NaN,n01537544_00008420.png
dinov2,1,151,NaN,bird,bird,NaN,n01537544_00020178.png
dinov2,1,152,NaN,bird,bird,NaN,n01537544_00021300.png
dinov2,1,153,NaN,bird,bird,NaN,n01537544_00022076.png
dinov2,1,154,NaN,bird,bird,NaN,n01537544_00025428.png
dinov2,1,155,NaN,bird,bird,NaN,n01537544_00026259.png
dinov2,1,156,NaN,bird,bird,NaN,n01537544_00027498.png
dinov2,1,157,NaN,bird,bird,NaN,n01537544_00031512.png
dinov2,1,158,NaN,bird,bird,NaN,n01537544_00035565.png
dinov2,1,159,NaN,bird,bird,NaN,n01537544_00041595.png
dinov2,1,160,NaN,bird,bird,NaN,n01537544_00048659.png
dinov2,1,161,NaN,bird,bird,NaN,n01537544_00048732.png
dinov2,1,162,NaN,bird,bird,NaN,n01558993_00002825.png
dinov2,1,163,NaN,bird,bird,NaN,n01558993_00014362.png
dinov2,1,164,NaN,bird,bird,NaN,n01558993_00019038.png
dinov2,1,165,NaN,bird,bird,NaN,n01558993_00021239.png
dinov2,1,166,NaN,bird,bird,NaN,n01558993_00024704.png
dinov2,1,167,NaN,bird,bird,NaN,n01558993_00028607.png
dinov2,1,168,NaN,bird,bird,NaN,n01558993_00029495.png
dinov2,1,169,NaN,bird,bird,NaN,n01558993_00034482.png
dinov2,1,170,NaN,bird,bird,NaN,n01558993_00039814.png
dinov2,1,171,NaN,bird,bird,NaN,n01558993_00040538.png
dinov2,1,172,NaN,bird,bird,NaN,n01558993_00043300.png
dinov2,1,173,NaN,bird,bird,NaN,n01558993_00044378.png
dinov2,1,174,NaN,bird,bird,NaN,n01558993_00049776.png
dinov2,1,175,NaN,bird,bird,NaN,n01560419_00000198.png
dinov2,1,176,NaN,bird,bird,NaN,n01560419_00000217.png
dinov2,1,177,NaN,bird,bird,NaN,n01560419_00002052.png
dinov2,1,178,NaN,bird,bird,NaN,n01560419_00006603.png
dinov2,1,179,NaN,bird,bird,NaN,n01560419_00011420.png
dinov2,1,180,NaN,bird,bird,NaN,n01560419_00014046.png
dinov2,1,181,NaN,bird,bird,NaN,n01560419_00021085.png
dinov2,1,182,NaN,bird,bird,NaN,n01560419_00026010.png
dinov2,1,183,NaN,bird,bird,NaN,n01560419_00031772.png
dinov2,1,184,NaN,clock,bird,NaN,n01560419_00045785.png
dinov2,1,185,NaN,bird,bird,NaN,n01560419_00049803.png
dinov2,1,186,NaN,bird,bird,NaN,n01582220_00000476.png
dinov2,1,187,NaN,bird,bird,NaN,n01582220_00000963.png
dinov2,1,188,NaN,bird,bird,NaN,n01582220_00002536.png
dinov2,1,189,NaN,bird,bird,NaN,n01582220_00003665.png
dinov2,1,190,NaN,bird,bird,NaN,n01582220_00008347.png
dinov2,1,191,NaN,bird,bird,NaN,n01582220_00018250.png
dinov2,1,192,NaN,bird,bird,NaN,n01582220_00021956.png
dinov2,1,193,NaN,bird,bird,NaN,n01582220_00025806.png
dinov2,1,194,NaN,bird,bird,NaN,n01582220_00030845.png
dinov2,1,195,NaN,bird,bird,NaN,n01582220_00032667.png
dinov2,1,196,NaN,bird,bird,NaN,n01582220_00033483.png
dinov2,1,197,NaN,bird,bird,NaN,n01582220_00039219.png
dinov2,1,198,NaN,bird,bird,NaN,n01582220_00044192.png
dinov2,1,199,NaN,bird,bird,NaN,n01582220_00047827.png
dinov2,1,200,NaN,bird,bird,NaN,n01592084_00000837.png
dinov2,1,201,NaN,bird,bird,NaN,n01592084_00007912.png
dinov2,1,202,NaN,bird,bird,NaN,n01592084_00011249.png
dinov2,1,203,NaN,bird,bird,NaN,n01592084_00015269.png
dinov2,1,204,NaN,bird,bird,NaN,n01592084_00017916.png
dinov2,1,205,NaN,bird,bird,NaN,n01592084_00018280.png
dinov2,1,206,NaN,bird,bird,NaN,n01592084_00020469.png
dinov2,1,207,NaN,bird,bird,NaN,n01592084_00025692.png
dinov2,1,208,NaN,bird,bird,NaN,n01592084_00034242.png
dinov2,1,209,NaN,bird,bird,NaN,n01592084_00036534.png
dinov2,1,210,NaN,bird,bird,NaN,n01592084_00037420.png
dinov2,1,211,NaN,bird,bird,NaN,n01592084_00038192.png
dinov2,1,212,NaN,bird,bird,NaN,n01592084_00042506.png
dinov2,1,213,NaN,bird,bird,NaN,n01592084_00049141.png
dinov2,1,214,NaN,bird,bird,NaN,n01601694_00005576.png
dinov2,1,215,NaN,bird,bird,NaN,n01601694_00008510.png
dinov2,1,216,NaN,bird,bird,NaN,n01601694_00008816.png
dinov2,1,217,NaN,bird,bird,NaN,n01601694_00015264.png
dinov2,1,218,NaN,clock,bird,NaN,n01601694_00015922.png
dinov2,1,219,NaN,bird,bird,NaN,n01601694_00019034.png
dinov2,1,220,NaN,bird,bird,NaN,n01601694_00020349.png
dinov2,1,221,NaN,bird,bird,NaN,n01601694_00020730.png
dinov2,1,222,NaN,bird,bird,NaN,n01601694_00031973.png
dinov2,1,223,NaN,bird,bird,NaN,n01601694_00034929.png
dinov2,1,224,NaN,bird,bird,NaN,n01601694_00040903.png
dinov2,1,225,NaN,bird,bird,NaN,n01601694_00047121.png
dinov2,1,226,NaN,bird,bird,NaN,n01601694_00048552.png
dinov2,1,227,NaN,bird,bird,NaN,n01614925_00002444.png
dinov2,1,228,NaN,bird,bird,NaN,n01614925_00012178.png
dinov2,1,229,NaN,bird,bird,NaN,n01614925_00015746.png
dinov2,1,230,NaN,bird,bird,NaN,n01614925_00017994.png
dinov2,1,231,NaN,bird,bird,NaN,n01614925_00020052.png
dinov2,1,232,NaN,bird,bird,NaN,n01614925_00021015.png
dinov2,1,233,NaN,bird,bird,NaN,n01614925_00022597.png
dinov2,1,234,NaN,bird,bird,NaN,n01614925_00026050.png
dinov2,1,235,NaN,bird,bird,NaN,n01614925_00026707.png
dinov2,1,236,NaN,bird,bird,NaN,n01614925_00027079.png
dinov2,1,237,NaN,bird,bird,NaN,n01614925_00033435.png
dinov2,1,238,NaN,bird,bird,NaN,n01614925_00038804.png
dinov2,1,239,NaN,bird,bird,NaN,n01614925_00040242.png
dinov2,1,240,NaN,bird,bird,NaN,n01614925_00040474.png
dinov2,1,241,NaN,bird,bird,NaN,n01614925_00040970.png
dinov2,1,242,NaN,bird,bird,NaN,n01614925_00043779.png
dinov2,1,243,NaN,bird,bird,NaN,n01614925_00044921.png
dinov2,1,244,NaN,bird,bird,NaN,n01616318_00004554.png
dinov2,1,245,NaN,bird,bird,NaN,n01616318_00005266.png
dinov2,1,246,NaN,bird,bird,NaN,n01616318_00008819.png
dinov2,1,247,NaN,bird,bird,NaN,n01616318_00018092.png
dinov2,1,248,NaN,bird,bird,NaN,n01616318_00019868.png
dinov2,1,249,NaN,bird,bird,NaN,n01616318_00027588.png
dinov2,1,250,NaN,bird,bird,NaN,n01616318_00030515.png
dinov2,1,251,NaN,bird,bird,NaN,n01616318_00030618.png
dinov2,1,252,NaN,bird,bird,NaN,n01616318_00032389.png
dinov2,1,253,NaN,bird,bird,NaN,n01616318_00040205.png
dinov2,1,254,NaN,bird,bird,NaN,n01616318_00042788.png
dinov2,1,255,NaN,bird,bird,NaN,n01616318_00043801.png
dinov2,1,256,NaN,bird,bird,NaN,n01616318_00045589.png
dinov2,1,257,NaN,bird,bird,NaN,n01622779_00001213.png
dinov2,1,258,NaN,bird,bird,NaN,n01622779_00003169.png
dinov2,1,259,NaN,clock,bird,NaN,n01622779_00004345.png
dinov2,1,260,NaN,clock,bird,NaN,n01622779_00004859.png
dinov2,1,261,NaN,bird,bird,NaN,n01622779_00008049.png
dinov2,1,262,NaN,bird,bird,NaN,n01622779_00008178.png
dinov2,1,263,NaN,bird,bird,NaN,n01622779_00009842.png
dinov2,1,264,NaN,bird,bird,NaN,n01622779_00015913.png
dinov2,1,265,NaN,bird,bird,NaN,n01622779_00018062.png
dinov2,1,266,NaN,bird,bird,NaN,n01622779_00021335.png
dinov2,1,267,NaN,bird,bird,NaN,n01622779_00026579.png
dinov2,1,268,NaN,bird,bird,NaN,n01622779_00031144.png
dinov2,1,269,NaN,bird,bird,NaN,n01622779_00035098.png
dinov2,1,270,NaN,bird,bird,NaN,n01622779_00048175.png
dinov2,1,271,NaN,bird,bird,NaN,n01795545_00000075.png
dinov2,1,272,NaN,bird,bird,NaN,n01795545_00001537.png
dinov2,1,273,NaN,bird,bird,NaN,n01795545_00007312.png
dinov2,1,274,NaN,bird,bird,NaN,n01795545_00007323.png
dinov2,1,275,NaN,bird,bird,NaN,n01795545_00021139.png
dinov2,1,276,NaN,bird,bird,NaN,n01795545_00027809.png
dinov2,1,277,NaN,bird,bird,NaN,n01795545_00030010.png
dinov2,1,278,NaN,bird,bird,NaN,n01795545_00042859.png
dinov2,1,279,NaN,bird,bird,NaN,n01795545_00044393.png
dinov2,1,280,NaN,bird,bird,NaN,n01795545_00045857.png
dinov2,1,281,NaN,bird,bird,NaN,n01795545_00049235.png
dinov2,1,282,NaN,bird,bird,NaN,n01796340_00000860.png
dinov2,1,283,NaN,bird,bird,NaN,n01796340_00002846.png
dinov2,1,284,NaN,bird,bird,NaN,n01796340_00006221.png
dinov2,1,285,NaN,bird,bird,NaN,n01796340_00017253.png
dinov2,1,286,NaN,bird,bird,NaN,n01796340_00019036.png
dinov2,1,287,NaN,bird,bird,NaN,n01796340_00022189.png
dinov2,1,288,NaN,bird,bird,NaN,n01796340_00024098.png
dinov2,1,289,NaN,bird,bird,NaN,n01796340_00024396.png
dinov2,1,290,NaN,bird,bird,NaN,n01796340_00024630.png
dinov2,1,291,NaN,bird,bird,NaN,n01796340_00027946.png
dinov2,1,292,NaN,bird,bird,NaN,n01796340_00029150.png
dinov2,1,293,NaN,bird,bird,NaN,n01796340_00047258.png
dinov2,1,294,NaN,bird,bird,NaN,n01797886_00005100.png
dinov2,1,295,NaN,bird,bird,NaN,n01797886_00005328.png
dinov2,1,296,NaN,bird,bird,NaN,n01797886_00006790.png
dinov2,1,297,NaN,bird,bird,NaN,n01797886_00009679.png
dinov2,1,298,NaN,bird,bird,NaN,n01797886_00018626.png
dinov2,1,299,NaN,bird,bird,NaN,n01797886_00022095.png
dinov2,1,300,NaN,bird,bird,NaN,n01797886_00027102.png
dinov2,1,301,NaN,bird,bird,NaN,n01797886_00033503.png
dinov2,1,302,NaN,bird,bird,NaN,n01797886_00036573.png
dinov2,1,303,NaN,bird,bird,NaN,n01797886_00039964.png
dinov2,1,304,NaN,bird,bird,NaN,n01797886_00040000.png
dinov2,1,305,NaN,bird,bird,NaN,n01797886_00040334.png
dinov2,1,306,NaN,bird,bird,NaN,n01797886_00041375.png
dinov2,1,307,NaN,bird,bird,NaN,n01797886_00041909.png
dinov2,1,308,NaN,bird,bird,NaN,n01797886_00043241.png
dinov2,1,309,NaN,bird,bird,NaN,n01797886_00043258.png
dinov2,1,310,NaN,bird,bird,NaN,n01798484_00002395.png
dinov2,1,311,NaN,bird,bird,NaN,n01798484_00004256.png
dinov2,1,312,NaN,bird,bird,NaN,n01798484_00010421.png
dinov2,1,313,NaN,bird,bird,NaN,n01798484_00020239.png
dinov2,1,314,NaN,bird,bird,NaN,n01798484_00020690.png
dinov2,1,315,NaN,bird,bird,NaN,n01798484_00021305.png
dinov2,1,316,NaN,bird,bird,NaN,n01798484_00022211.png
dinov2,1,317,NaN,bird,bird,NaN,n01798484_00032113.png
dinov2,1,318,NaN,bird,bird,NaN,n01798484_00039825.png
dinov2,1,319,NaN,bird,bird,NaN,n01798484_00041021.png
dinov2,1,320,NaN,bird,bird,NaN,n01798484_00041621.png
dinov2,1,321,NaN,bird,bird,NaN,n01798484_00041832.png
dinov2,1,322,NaN,bird,bird,NaN,n01798484_00046410.png
dinov2,1,323,NaN,clock,bird,NaN,n01798484_00047252.png
dinov2,1,324,NaN,bird,bird,NaN,n01817953_00001629.png
dinov2,1,325,NaN,bird,bird,NaN,n01817953_00002802.png
dinov2,1,326,NaN,bird,bird,NaN,n01817953_00008566.png
dinov2,1,327,NaN,bird,bird,NaN,n01817953_00009194.png
dinov2,1,328,NaN,bird,bird,NaN,n01817953_00009562.png
dinov2,1,329,NaN,clock,bird,NaN,n01817953_00012003.png
dinov2,1,330,NaN,bird,bird,NaN,n01817953_00017242.png
dinov2,1,331,NaN,bird,bird,NaN,n01817953_00022691.png
dinov2,1,332,NaN,bird,bird,NaN,n01817953_00027486.png
dinov2,1,333,NaN,bird,bird,NaN,n01817953_00036287.png
dinov2,1,334,NaN,bird,bird,NaN,n01817953_00044505.png
dinov2,1,335,NaN,bird,bird,NaN,n01817953_00045125.png
dinov2,1,336,NaN,bird,bird,NaN,n01818515_00003987.png
dinov2,1,337,NaN,bird,bird,NaN,n01818515_00009811.png
dinov2,1,338,NaN,bird,bird,NaN,n01818515_00012586.png
dinov2,1,339,NaN,bird,bird,NaN,n01818515_00013768.png
dinov2,1,340,NaN,bird,bird,NaN,n01818515_00022355.png
dinov2,1,341,NaN,bird,bird,NaN,n01818515_00022745.png
dinov2,1,342,NaN,bird,bird,NaN,n01818515_00026141.png
dinov2,1,343,NaN,bird,bird,NaN,n01818515_00027656.png
dinov2,1,344,NaN,bird,bird,NaN,n01818515_00029991.png
dinov2,1,345,NaN,bird,bird,NaN,n01818515_00032473.png
dinov2,1,346,NaN,bird,bird,NaN,n01818515_00033078.png
dinov2,1,347,NaN,bird,bird,NaN,n01818515_00046534.png
dinov2,1,348,NaN,bird,bird,NaN,n01818515_00047696.png
dinov2,1,349,NaN,bird,bird,NaN,n01818515_00048265.png
dinov2,1,350,NaN,bird,bird,NaN,n01819313_00001288.png
dinov2,1,351,NaN,bird,bird,NaN,n01819313_00002172.png
dinov2,1,352,NaN,bird,bird,NaN,n01819313_00002467.png
dinov2,1,353,NaN,bird,bird,NaN,n01819313_00003707.png
dinov2,1,354,NaN,bird,bird,NaN,n01819313_00016350.png
dinov2,1,355,NaN,bird,bird,NaN,n01819313_00019123.png
dinov2,1,356,NaN,bird,bird,NaN,n01819313_00030734.png
dinov2,1,357,NaN,bird,bird,NaN,n01819313_00032843.png
dinov2,1,358,NaN,bird,bird,NaN,n01819313_00040129.png
dinov2,1,359,NaN,bird,bird,NaN,n01819313_00043395.png
dinov2,1,360,NaN,bird,bird,NaN,n01819313_00044966.png
dinov2,1,361,NaN,bird,bird,NaN,n01819313_00045354.png
dinov2,1,362,NaN,bird,bird,NaN,n01819313_00047106.png
dinov2,1,363,NaN,bird,bird,NaN,n01819313_00048234.png
dinov2,1,364,NaN,bird,bird,NaN,n01820546_00006715.png
dinov2,1,365,NaN,bird,bird,NaN,n01820546_00018036.png
dinov2,1,366,NaN,bird,bird,NaN,n01820546_00022148.png
dinov2,1,367,NaN,bird,bird,NaN,n01820546_00025979.png
dinov2,1,368,NaN,bear,bird,NaN,n01820546_00026084.png
dinov2,1,369,NaN,bird,bird,NaN,n01820546_00028522.png
dinov2,1,370,NaN,bird,bird,NaN,n01820546_00028570.png
dinov2,1,371,NaN,bird,bird,NaN,n01820546_00034784.png
dinov2,1,372,NaN,bird,bird,NaN,n01820546_00037672.png
dinov2,1,373,NaN,bird,bird,NaN,n01820546_00038426.png
dinov2,1,374,NaN,bird,bird,NaN,n01820546_00044082.png
dinov2,1,375,NaN,bird,bird,NaN,n01820546_00044440.png
dinov2,1,376,NaN,bird,bird,NaN,n01820546_00045263.png
dinov2,1,377,NaN,bird,bird,NaN,n01820546_00046356.png
dinov2,1,378,NaN,bird,bird,NaN,n01820546_00047497.png
dinov2,1,379,NaN,bird,bird,NaN,n01824575_00001142.png
dinov2,1,380,NaN,bird,bird,NaN,n01824575_00005733.png
dinov2,1,381,NaN,bird,bird,NaN,n01824575_00009419.png
dinov2,1,382,NaN,bird,bird,NaN,n01824575_00010397.png
dinov2,1,383,NaN,bird,bird,NaN,n01824575_00014903.png
dinov2,1,384,NaN,bird,bird,NaN,n01824575_00022786.png
dinov2,1,385,NaN,bird,bird,NaN,n01824575_00026679.png
dinov2,1,386,NaN,bird,bird,NaN,n01824575_00027555.png
dinov2,1,387,NaN,bird,bird,NaN,n01824575_00038638.png
dinov2,1,388,NaN,bird,bird,NaN,n01824575_00041028.png
dinov2,1,389,NaN,bird,bird,NaN,n01824575_00041864.png
dinov2,1,390,NaN,bird,bird,NaN,n01824575_00047969.png
dinov2,1,391,NaN,bird,bird,NaN,n01828970_00000051.png
dinov2,1,392,NaN,bird,bird,NaN,n01828970_00000278.png
dinov2,1,393,NaN,bird,bird,NaN,n01828970_00000420.png
dinov2,1,394,NaN,bird,bird,NaN,n01828970_00022442.png
dinov2,1,395,NaN,bird,bird,NaN,n01828970_00027986.png
dinov2,1,396,NaN,bird,bird,NaN,n01828970_00031824.png
dinov2,1,397,NaN,bird,bird,NaN,n01828970_00033434.png
dinov2,1,398,NaN,bird,bird,NaN,n01828970_00033962.png
dinov2,1,399,NaN,bird,bird,NaN,n01828970_00034492.png
dinov2,1,400,NaN,bird,bird,NaN,n01828970_00038288.png
dinov2,1,401,NaN,bird,bird,NaN,n01828970_00045200.png
dinov2,1,402,NaN,bird,bird,NaN,n01828970_00046307.png
dinov2,1,403,NaN,bird,bird,NaN,n01828970_00046802.png
dinov2,1,404,NaN,bird,bird,NaN,n01828970_00048142.png
dinov2,1,405,NaN,bird,bird,NaN,n01828970_00048824.png
dinov2,1,406,NaN,bird,bird,NaN,n01829413_00002100.png
dinov2,1,407,NaN,bird,bird,NaN,n01829413_00006457.png
dinov2,1,408,NaN,bird,bird,NaN,n01829413_00007664.png
dinov2,1,409,NaN,bird,bird,NaN,n01829413_00019073.png
dinov2,1,410,NaN,bird,bird,NaN,n01829413_00023602.png
dinov2,1,411,NaN,bird,bird,NaN,n01829413_00024914.png
dinov2,1,412,NaN,bird,bird,NaN,n01829413_00027985.png
dinov2,1,413,NaN,bird,bird,NaN,n01829413_00035047.png
dinov2,1,414,NaN,bird,bird,NaN,n01829413_00035542.png
dinov2,1,415,NaN,bird,bird,NaN,n01829413_00036044.png
dinov2,1,416,NaN,bird,bird,NaN,n01829413_00036988.png
dinov2,1,417,NaN,bird,bird,NaN,n01829413_00042310.png
dinov2,1,418,NaN,bird,bird,NaN,n01829413_00044317.png
dinov2,1,419,NaN,clock,bird,NaN,n01829413_00044903.png
dinov2,1,420,NaN,bird,bird,NaN,n01829413_00046508.png
dinov2,1,421,NaN,bird,bird,NaN,n01833805_00005873.png
dinov2,1,422,NaN,bird,bird,NaN,n01833805_00007390.png
dinov2,1,423,NaN,bird,bird,NaN,n01833805_00011894.png
dinov2,1,424,NaN,bird,bird,NaN,n01833805_00013610.png
dinov2,1,425,NaN,bird,bird,NaN,n01833805_00023796.png
dinov2,1,426,NaN,bird,bird,NaN,n01833805_00025928.png
dinov2,1,427,NaN,bird,bird,NaN,n01833805_00030431.png
dinov2,1,428,NaN,bird,bird,NaN,n01833805_00032159.png
dinov2,1,429,NaN,bird,bird,NaN,n01833805_00035726.png
dinov2,1,430,NaN,bird,bird,NaN,n01833805_00044011.png
dinov2,1,431,NaN,bird,bird,NaN,n01833805_00048347.png
dinov2,1,432,NaN,bird,bird,NaN,n01843065_00007284.png
dinov2,1,433,NaN,bird,bird,NaN,n01843065_00008155.png
dinov2,1,434,NaN,bird,bird,NaN,n01843065_00009590.png
dinov2,1,435,NaN,bird,bird,NaN,n01843065_00010156.png
dinov2,1,436,NaN,bird,bird,NaN,n01843065_00011315.png
dinov2,1,437,NaN,bird,bird,NaN,n01843065_00021455.png
dinov2,1,438,NaN,bird,bird,NaN,n01843065_00025937.png
dinov2,1,439,NaN,clock,bird,NaN,n01843065_00026023.png
dinov2,1,440,NaN,bird,bird,NaN,n01843065_00026232.png
dinov2,1,441,NaN,bird,bird,NaN,n01843065_00026965.png
dinov2,1,442,NaN,bird,bird,NaN,n01843065_00038418.png
dinov2,1,443,NaN,bird,bird,NaN,n01843065_00039261.png
dinov2,1,444,NaN,bird,bird,NaN,n01843065_00046285.png
dinov2,1,445,NaN,bird,bird,NaN,n01843065_00048229.png
dinov2,1,446,NaN,bird,bird,NaN,n01843383_00001158.png
dinov2,1,447,NaN,bird,bird,NaN,n01843383_00006460.png
dinov2,1,448,NaN,clock,bird,NaN,n01843383_00009974.png
dinov2,1,449,NaN,bird,bird,NaN,n01843383_00015673.png
dinov2,1,450,NaN,bird,bird,NaN,n01843383_00018463.png
dinov2,1,451,NaN,bird,bird,NaN,n01843383_00018780.png
dinov2,1,452,NaN,bird,bird,NaN,n01843383_00023390.png
dinov2,1,453,NaN,bird,bird,NaN,n01843383_00027602.png
dinov2,1,454,NaN,clock,bird,NaN,n01843383_00030000.png
dinov2,1,455,NaN,bird,bird,NaN,n01843383_00030702.png
dinov2,1,456,NaN,bird,bird,NaN,n01843383_00032158.png
dinov2,1,457,NaN,bird,bird,NaN,n01843383_00034194.png
dinov2,1,458,NaN,bird,bird,NaN,n01843383_00036354.png
dinov2,1,459,NaN,bird,bird,NaN,n01843383_00046755.png
dinov2,1,460,NaN,bird,bird,NaN,n01843383_00049093.png
dinov2,1,461,NaN,bird,bird,NaN,n01855032_00011874.png
dinov2,1,462,NaN,bird,bird,NaN,n01855032_00021341.png
dinov2,1,463,NaN,bird,bird,NaN,n01855032_00024726.png
dinov2,1,464,NaN,bird,bird,NaN,n01855032_00025130.png
dinov2,1,465,NaN,bird,bird,NaN,n01855032_00026967.png
dinov2,1,466,NaN,bird,bird,NaN,n01855032_00030400.png
dinov2,1,467,NaN,bird,bird,NaN,n01855032_00035555.png
dinov2,1,468,NaN,bird,bird,NaN,n01855032_00037710.png
dinov2,1,469,NaN,bird,bird,NaN,n01855032_00042586.png
dinov2,1,470,NaN,bird,bird,NaN,n01855032_00044238.png
dinov2,1,471,NaN,bird,bird,NaN,n01855032_00046316.png
dinov2,1,472,NaN,bird,bird,NaN,n01855672_00000547.png
dinov2,1,473,NaN,bird,bird,NaN,n01855672_00016195.png
dinov2,1,474,NaN,bird,bird,NaN,n01855672_00019429.png
dinov2,1,475,NaN,bird,bird,NaN,n01855672_00020179.png
dinov2,1,476,NaN,bird,bird,NaN,n01855672_00021351.png
dinov2,1,477,NaN,bird,bird,NaN,n01855672_00021858.png
dinov2,1,478,NaN,bird,bird,NaN,n01855672_00029226.png
dinov2,1,479,NaN,bird,bird,NaN,n01855672_00030245.png
dinov2,1,480,NaN,bird,bird,NaN,n01855672_00035183.png
dinov2,1,481,NaN,bird,bird,NaN,n01855672_00042541.png
dinov2,1,482,NaN,bird,bird,NaN,n01855672_00043968.png
dinov2,1,483,NaN,bird,bird,NaN,n01855672_00047073.png
dinov2,1,484,NaN,bird,bird,NaN,n01855672_00049352.png
dinov2,1,485,NaN,bird,bird,NaN,n01860187_00000466.png
dinov2,1,486,NaN,bird,bird,NaN,n01860187_00001044.png
dinov2,1,487,NaN,bird,bird,NaN,n01860187_00004627.png
dinov2,1,488,NaN,bird,bird,NaN,n01860187_00007343.png
dinov2,1,489,NaN,bird,bird,NaN,n01860187_00007423.png
dinov2,1,490,NaN,bird,bird,NaN,n01860187_00007700.png
dinov2,1,491,NaN,bird,bird,NaN,n01860187_00015899.png
dinov2,1,492,NaN,bird,bird,NaN,n01860187_00017441.png
dinov2,1,493,NaN,clock,bird,NaN,n01860187_00027816.png
dinov2,1,494,NaN,bird,bird,NaN,n01860187_00030887.png
dinov2,1,495,NaN,bird,bird,NaN,n01860187_00040025.png
dinov2,1,496,NaN,bird,bird,NaN,n01860187_00042128.png
dinov2,1,497,NaN,bird,bird,NaN,n01860187_00044933.png
dinov2,1,498,NaN,bird,bird,NaN,n02002556_00001277.png
dinov2,1,499,NaN,bird,bird,NaN,n02002556_00006969.png
dinov2,1,500,NaN,bird,bird,NaN,n02002556_00008287.png
dinov2,1,501,NaN,bird,bird,NaN,n02002556_00008411.png
dinov2,1,502,NaN,bird,bird,NaN,n02002556_00010539.png
dinov2,1,503,NaN,bird,bird,NaN,n02002556_00020578.png
dinov2,1,504,NaN,bird,bird,NaN,n02002556_00031575.png
dinov2,1,505,NaN,bird,bird,NaN,n02002556_00031666.png
dinov2,1,506,NaN,bird,bird,NaN,n02002556_00032643.png
dinov2,1,507,NaN,bird,bird,NaN,n02002556_00034013.png
dinov2,1,508,NaN,bird,bird,NaN,n02002556_00034176.png
dinov2,1,509,NaN,bird,bird,NaN,n02002556_00035837.png
dinov2,1,510,NaN,bird,bird,NaN,n02002556_00041881.png
dinov2,1,511,NaN,bird,bird,NaN,n02002556_00043181.png
dinov2,1,512,NaN,bird,bird,NaN,n02002724_00002901.png
dinov2,1,513,NaN,bird,bird,NaN,n02002724_00006116.png
dinov2,1,514,NaN,bird,bird,NaN,n02002724_00008521.png
dinov2,1,515,NaN,bird,bird,NaN,n02002724_00013093.png
dinov2,1,516,NaN,clock,bird,NaN,n02002724_00014949.png
dinov2,1,517,NaN,bird,bird,NaN,n02002724_00015893.png
dinov2,1,518,NaN,bird,bird,NaN,n02002724_00017032.png
dinov2,1,519,NaN,bird,bird,NaN,n02002724_00021252.png
dinov2,1,520,NaN,bird,bird,NaN,n02002724_00026338.png
dinov2,1,521,NaN,bird,bird,NaN,n02002724_00034743.png
dinov2,1,522,NaN,bird,bird,NaN,n02002724_00048008.png
dinov2,1,523,NaN,bird,bird,NaN,n02002724_00048644.png
dinov2,1,524,NaN,bird,bird,NaN,n02006656_00000735.png
dinov2,1,525,NaN,bird,bird,NaN,n02006656_00002192.png
dinov2,1,526,NaN,bird,bird,NaN,n02006656_00005186.png
dinov2,1,527,NaN,bird,bird,NaN,n02006656_00007697.png
dinov2,1,528,NaN,bird,bird,NaN,n02006656_00010002.png
dinov2,1,529,NaN,bird,bird,NaN,n02006656_00013256.png
dinov2,1,530,NaN,bird,bird,NaN,n02006656_00018192.png
dinov2,1,531,NaN,bird,bird,NaN,n02006656_00022418.png
dinov2,1,532,NaN,bird,bird,NaN,n02006656_00025075.png
dinov2,1,533,NaN,bird,bird,NaN,n02006656_00025126.png
dinov2,1,534,NaN,bird,bird,NaN,n02006656_00028586.png
dinov2,1,535,NaN,bird,bird,NaN,n02006656_00043081.png
dinov2,1,536,NaN,bird,bird,NaN,n02006656_00046732.png
dinov2,1,537,NaN,bird,bird,NaN,n02006656_00048666.png
dinov2,1,538,NaN,bird,bird,NaN,n02006656_00049077.png
dinov2,1,539,NaN,bird,bird,NaN,n02007558_00000356.png
dinov2,1,540,NaN,bird,bird,NaN,n02007558_00004730.png
dinov2,1,541,NaN,bird,bird,NaN,n02007558_00005601.png
dinov2,1,542,NaN,bird,bird,NaN,n02007558_00009988.png
dinov2,1,543,NaN,bird,bird,NaN,n02007558_00016016.png
dinov2,1,544,NaN,bird,bird,NaN,n02007558_00017930.png
dinov2,1,545,NaN,bird,bird,NaN,n02007558_00018511.png
dinov2,1,546,NaN,bird,bird,NaN,n02007558_00022414.png
dinov2,1,547,NaN,bird,bird,NaN,n02007558_00026248.png
dinov2,1,548,NaN,bird,bird,NaN,n02007558_00029718.png
dinov2,1,549,NaN,bird,bird,NaN,n02007558_00034548.png
dinov2,1,550,NaN,bird,bird,NaN,n02007558_00037831.png
dinov2,1,551,NaN,bird,bird,NaN,n02007558_00038600.png
dinov2,1,552,NaN,bird,bird,NaN,n02009229_00002003.png
dinov2,1,553,NaN,bird,bird,NaN,n02009229_00007043.png
dinov2,1,554,NaN,bird,bird,NaN,n02009229_00008364.png
dinov2,1,555,NaN,bird,bird,NaN,n02009229_00025183.png
dinov2,1,556,NaN,clock,bird,NaN,n02009229_00025744.png
dinov2,1,557,NaN,bird,bird,NaN,n02009229_00026416.png
dinov2,1,558,NaN,bird,bird,NaN,n02009229_00027355.png
dinov2,1,559,NaN,bird,bird,NaN,n02009229_00030843.png
dinov2,1,560,NaN,bird,bird,NaN,n02009229_00030940.png
dinov2,1,561,NaN,bird,bird,NaN,n02009229_00031170.png
dinov2,1,562,NaN,bird,bird,NaN,n02009229_00034068.png
dinov2,1,563,NaN,bird,bird,NaN,n02009229_00040310.png
dinov2,1,564,NaN,bird,bird,NaN,n02009229_00041564.png
dinov2,1,565,NaN,bird,bird,NaN,n02009229_00045819.png
dinov2,1,566,NaN,bird,bird,NaN,n02009229_00047156.png
dinov2,1,567,NaN,bird,bird,NaN,n02009912_00000593.png
dinov2,1,568,NaN,bird,bird,NaN,n02009912_00009393.png
dinov2,1,569,NaN,bird,bird,NaN,n02009912_00011369.png
dinov2,1,570,NaN,bird,bird,NaN,n02009912_00012554.png
dinov2,1,571,NaN,bird,bird,NaN,n02009912_00020875.png
dinov2,1,572,NaN,bird,bird,NaN,n02009912_00022373.png
dinov2,1,573,NaN,bird,bird,NaN,n02009912_00023400.png
dinov2,1,574,NaN,bird,bird,NaN,n02009912_00028849.png
dinov2,1,575,NaN,bird,bird,NaN,n02009912_00032830.png
dinov2,1,576,NaN,bird,bird,NaN,n02009912_00035026.png
dinov2,1,577,NaN,bird,bird,NaN,n02009912_00037552.png
dinov2,1,578,NaN,bird,bird,NaN,n02009912_00037714.png
dinov2,1,579,NaN,bird,bird,NaN,n02009912_00049151.png
dinov2,1,580,NaN,bird,bird,NaN,n02009912_00049286.png
dinov2,1,581,NaN,bird,bird,NaN,n02011460_00007294.png
dinov2,1,582,NaN,bird,bird,NaN,n02011460_00008135.png
dinov2,1,583,NaN,bird,bird,NaN,n02011460_00012338.png
dinov2,1,584,NaN,bird,bird,NaN,n02011460_00012402.png
dinov2,1,585,NaN,bird,bird,NaN,n02011460_00012655.png
dinov2,1,586,NaN,bird,bird,NaN,n02011460_00019172.png
dinov2,1,587,NaN,bird,bird,NaN,n02011460_00019810.png
dinov2,1,588,NaN,clock,bird,NaN,n02011460_00022706.png
dinov2,1,589,NaN,bird,bird,NaN,n02011460_00038197.png
dinov2,1,590,NaN,bird,bird,NaN,n02011460_00042193.png
dinov2,1,591,NaN,bird,bird,NaN,n02011460_00042966.png
dinov2,1,592,NaN,bird,bird,NaN,n02011460_00044565.png
dinov2,1,593,NaN,bird,bird,NaN,n02011460_00047736.png
dinov2,1,594,NaN,bird,bird,NaN,n02013706_00007564.png
dinov2,1,595,NaN,bird,bird,NaN,n02013706_00010308.png
dinov2,1,596,NaN,bird,bird,NaN,n02013706_00012475.png
dinov2,1,597,NaN,bird,bird,NaN,n02013706_00016152.png
dinov2,1,598,NaN,bird,bird,NaN,n02013706_00017600.png
dinov2,1,599,NaN,bird,bird,NaN,n02013706_00021124.png
dinov2,1,600,NaN,bird,bird,NaN,n02013706_00022492.png
dinov2,1,601,NaN,bird,bird,NaN,n02013706_00028391.png
dinov2,1,602,NaN,bird,bird,NaN,n02013706_00031304.png
dinov2,1,603,NaN,bird,bird,NaN,n02013706_00039389.png
dinov2,1,604,NaN,bird,bird,NaN,n02013706_00040351.png
dinov2,1,605,NaN,bird,bird,NaN,n02013706_00042703.png
dinov2,1,606,NaN,bird,bird,NaN,n02013706_00045054.png
dinov2,1,607,NaN,bird,bird,NaN,n02013706_00046015.png
dinov2,1,608,NaN,bird,bird,NaN,n02013706_00047509.png
dinov2,1,609,NaN,bird,bird,NaN,n02017213_00008934.png
dinov2,1,610,NaN,bird,bird,NaN,n02017213_00014599.png
dinov2,1,611,NaN,clock,bird,NaN,n02017213_00019045.png
dinov2,1,612,NaN,bird,bird,NaN,n02017213_00019906.png
dinov2,1,613,NaN,clock,bird,NaN,n02017213_00030662.png
dinov2,1,614,NaN,bird,bird,NaN,n02017213_00031396.png
dinov2,1,615,NaN,bird,bird,NaN,n02017213_00032538.png
dinov2,1,616,NaN,bird,bird,NaN,n02017213_00033465.png
dinov2,1,617,NaN,bird,bird,NaN,n02017213_00035268.png
dinov2,1,618,NaN,bird,bird,NaN,n02017213_00037233.png
dinov2,1,619,NaN,bird,bird,NaN,n02017213_00039374.png
dinov2,1,620,NaN,bird,bird,NaN,n02017213_00041171.png
dinov2,1,621,NaN,bird,bird,NaN,n02017213_00043456.png
dinov2,1,622,NaN,bird,bird,NaN,n02017213_00043631.png
dinov2,1,623,NaN,bird,bird,NaN,n02017213_00048727.png
dinov2,1,624,NaN,clock,bird,NaN,n02018207_00000825.png
dinov2,1,625,NaN,bird,bird,NaN,n02018207_00001179.png
dinov2,1,626,NaN,bird,bird,NaN,n02018207_00002144.png
dinov2,1,627,NaN,bird,bird,NaN,n02018207_00004112.png
dinov2,1,628,NaN,bird,bird,NaN,n02018207_00006814.png
dinov2,1,629,NaN,bird,bird,NaN,n02018207_00008388.png
dinov2,1,630,NaN,bird,bird,NaN,n02018207_00008951.png
dinov2,1,631,NaN,bird,bird,NaN,n02018207_00009270.png
dinov2,1,632,NaN,bird,bird,NaN,n02018207_00012435.png
dinov2,1,633,NaN,bird,bird,NaN,n02018207_00022931.png
dinov2,1,634,NaN,bird,bird,NaN,n02018207_00024270.png
dinov2,1,635,NaN,bird,bird,NaN,n02018207_00024740.png
dinov2,1,636,NaN,bird,bird,NaN,n02018207_00024787.png
dinov2,1,637,NaN,bird,bird,NaN,n02018207_00041088.png
dinov2,1,638,NaN,bird,bird,NaN,n02018795_00004001.png
dinov2,1,639,NaN,bird,bird,NaN,n02018795_00005419.png
dinov2,1,640,NaN,bird,bird,NaN,n02018795_00006613.png
dinov2,1,641,NaN,bird,bird,NaN,n02018795_00007077.png
dinov2,1,642,NaN,bird,bird,NaN,n02018795_00012166.png
dinov2,1,643,NaN,bird,bird,NaN,n02018795_00016264.png
dinov2,1,644,NaN,bird,bird,NaN,n02018795_00019964.png
dinov2,1,645,NaN,bird,bird,NaN,n02018795_00027708.png
dinov2,1,646,NaN,bird,bird,NaN,n02018795_00030878.png
dinov2,1,647,NaN,bird,bird,NaN,n02018795_00036457.png
dinov2,1,648,NaN,bird,bird,NaN,n02018795_00038522.png
dinov2,1,649,NaN,bird,bird,NaN,n02018795_00039102.png
dinov2,1,650,NaN,bird,bird,NaN,n02018795_00046505.png
dinov2,1,651,NaN,bird,bird,NaN,n02018795_00048575.png
dinov2,1,652,NaN,clock,bird,NaN,n02025239_00002658.png
dinov2,1,653,NaN,bird,bird,NaN,n02025239_00003361.png
dinov2,1,654,NaN,bird,bird,NaN,n02025239_00003526.png
dinov2,1,655,NaN,bird,bird,NaN,n02025239_00009715.png
dinov2,1,656,NaN,bird,bird,NaN,n02025239_00016929.png
dinov2,1,657,NaN,bird,bird,NaN,n02025239_00021926.png
dinov2,1,658,NaN,bird,bird,NaN,n02025239_00025899.png
dinov2,1,659,NaN,bird,bird,NaN,n02025239_00026462.png
dinov2,1,660,NaN,bird,bird,NaN,n02025239_00026556.png
dinov2,1,661,NaN,bird,bird,NaN,n02025239_00026595.png
dinov2,1,662,NaN,bird,bird,NaN,n02025239_00034760.png
dinov2,1,663,NaN,bird,bird,NaN,n02025239_00042705.png
dinov2,1,664,NaN,bird,bird,NaN,n02025239_00044377.png
dinov2,1,665,NaN,bird,bird,NaN,n02025239_00046323.png
dinov2,1,666,NaN,bird,bird,NaN,n02025239_00046677.png
dinov2,1,667,NaN,clock,bird,NaN,n02027492_00008756.png
dinov2,1,668,NaN,bird,bird,NaN,n02027492_00010176.png
dinov2,1,669,NaN,bird,bird,NaN,n02027492_00015557.png
dinov2,1,670,NaN,bird,bird,NaN,n02027492_00016981.png
dinov2,1,671,NaN,bird,bird,NaN,n02027492_00017634.png
dinov2,1,672,NaN,bird,bird,NaN,n02027492_00019058.png
dinov2,1,673,NaN,clock,bird,NaN,n02027492_00021656.png
dinov2,1,674,NaN,bird,bird,NaN,n02027492_00022207.png
dinov2,1,675,NaN,clock,bird,NaN,n02027492_00025027.png
dinov2,1,676,NaN,bird,bird,NaN,n02027492_00026044.png
dinov2,1,677,NaN,bird,bird,NaN,n02027492_00028363.png
dinov2,1,678,NaN,bird,bird,NaN,n02027492_00039220.png
dinov2,1,679,NaN,bird,bird,NaN,n02027492_00042858.png
dinov2,1,680,NaN,bird,bird,NaN,n02027492_00046333.png
dinov2,1,681,NaN,bird,bird,NaN,n02027492_00048888.png
dinov2,1,682,NaN,bird,bird,NaN,n02028035_00001121.png
dinov2,1,683,NaN,clock,bird,NaN,n02028035_00002170.png
dinov2,1,684,NaN,bird,bird,NaN,n02028035_00002633.png
dinov2,1,685,NaN,bird,bird,NaN,n02028035_00007651.png
dinov2,1,686,NaN,bird,bird,NaN,n02028035_00009199.png
dinov2,1,687,NaN,bird,bird,NaN,n02028035_00010618.png
dinov2,1,688,NaN,bird,bird,NaN,n02028035_00012741.png
dinov2,1,689,NaN,bird,bird,NaN,n02028035_00013808.png
dinov2,1,690,NaN,bird,bird,NaN,n02028035_00014977.png
dinov2,1,691,NaN,bird,bird,NaN,n02028035_00015719.png
dinov2,1,692,NaN,bird,bird,NaN,n02028035_00019389.png
dinov2,1,693,NaN,bird,bird,NaN,n02028035_00024958.png
dinov2,1,694,NaN,bird,bird,NaN,n02028035_00030672.png
dinov2,1,695,NaN,bird,bird,NaN,n02028035_00046096.png
dinov2,1,696,NaN,bird,bird,NaN,n02033041_00001830.png
dinov2,1,697,NaN,bird,bird,NaN,n02033041_00007172.png
dinov2,1,698,NaN,bird,bird,NaN,n02033041_00014158.png
dinov2,1,699,NaN,bird,bird,NaN,n02033041_00017639.png
dinov2,1,700,NaN,bird,bird,NaN,n02033041_00023352.png
dinov2,1,701,NaN,bird,bird,NaN,n02033041_00026178.png
dinov2,1,702,NaN,bird,bird,NaN,n02033041_00027281.png
dinov2,1,703,NaN,bird,bird,NaN,n02033041_00027674.png
dinov2,1,704,NaN,bird,bird,NaN,n02033041_00030590.png
dinov2,1,705,NaN,bird,bird,NaN,n02033041_00035363.png
dinov2,1,706,NaN,bird,bird,NaN,n02033041_00038614.png
dinov2,1,707,NaN,bird,bird,NaN,n02037110_00003716.png
dinov2,1,708,NaN,bird,bird,NaN,n02037110_00009923.png
dinov2,1,709,NaN,bird,bird,NaN,n02037110_00011488.png
dinov2,1,710,NaN,bird,bird,NaN,n02037110_00012844.png
dinov2,1,711,NaN,bird,bird,NaN,n02037110_00013515.png
dinov2,1,712,NaN,bird,bird,NaN,n02037110_00014991.png
dinov2,1,713,NaN,bird,bird,NaN,n02037110_00026476.png
dinov2,1,714,NaN,bird,bird,NaN,n02037110_00029875.png
dinov2,1,715,NaN,bird,bird,NaN,n02037110_00033510.png
dinov2,1,716,NaN,bird,bird,NaN,n02037110_00035489.png
dinov2,1,717,NaN,bird,bird,NaN,n02037110_00041535.png
dinov2,1,718,NaN,bird,bird,NaN,n02037110_00049227.png
dinov2,1,719,NaN,bird,bird,NaN,n02037110_00049746.png
dinov2,1,720,NaN,bird,bird,NaN,n02051845_00003493.png
dinov2,1,721,NaN,bird,bird,NaN,n02051845_00011642.png
dinov2,1,722,NaN,bird,bird,NaN,n02051845_00019198.png
dinov2,1,723,NaN,bird,bird,NaN,n02051845_00019969.png
dinov2,1,724,NaN,bird,bird,NaN,n02051845_00021063.png
dinov2,1,725,NaN,bird,bird,NaN,n02051845_00021709.png
dinov2,1,726,NaN,bird,bird,NaN,n02051845_00022335.png
dinov2,1,727,NaN,bird,bird,NaN,n02051845_00025528.png
dinov2,1,728,NaN,bird,bird,NaN,n02051845_00027363.png
dinov2,1,729,NaN,bird,bird,NaN,n02051845_00032780.png
dinov2,1,730,NaN,bird,bird,NaN,n02051845_00038118.png
dinov2,1,731,NaN,bird,bird,NaN,n02051845_00047047.png
dinov2,1,732,NaN,bird,bird,NaN,n02051845_00048664.png
dinov2,1,733,NaN,bird,bird,NaN,n02056570_00004780.png
dinov2,1,734,NaN,bird,bird,NaN,n02056570_00008279.png
dinov2,1,735,NaN,bird,bird,NaN,n02056570_00011062.png
dinov2,1,736,NaN,bird,bird,NaN,n02056570_00012523.png
dinov2,1,737,NaN,bird,bird,NaN,n02056570_00013402.png
dinov2,1,738,NaN,bird,bird,NaN,n02056570_00020888.png
dinov2,1,739,NaN,bird,bird,NaN,n02056570_00024571.png
dinov2,1,740,NaN,bird,bird,NaN,n02056570_00026504.png
dinov2,1,741,NaN,bird,bird,NaN,n02056570_00027559.png
dinov2,1,742,NaN,bird,bird,NaN,n02056570_00043795.png
dinov2,1,743,NaN,bird,bird,NaN,n02056570_00044119.png
dinov2,1,744,NaN,bird,bird,NaN,n02056570_00048024.png
dinov2,1,745,NaN,boat,boat,NaN,n03344393_00011769.png
dinov2,1,746,NaN,boat,boat,NaN,n03344393_00013961.png
dinov2,1,747,NaN,boat,boat,NaN,n03344393_00015277.png
dinov2,1,748,NaN,clock,boat,NaN,n03344393_00018727.png
dinov2,1,749,NaN,boat,boat,NaN,n03344393_00021948.png
dinov2,1,750,NaN,boat,boat,NaN,n03344393_00022927.png
dinov2,1,751,NaN,boat,boat,NaN,n03344393_00035946.png
dinov2,1,752,NaN,boat,boat,NaN,n03344393_00039559.png
dinov2,1,753,NaN,boat,boat,NaN,n03344393_00042164.png
dinov2,1,754,NaN,boat,boat,NaN,n03662601_00000571.png
dinov2,1,755,NaN,boat,boat,NaN,n03662601_00004492.png
dinov2,1,756,NaN,boat,boat,NaN,n03662601_00009001.png
dinov2,1,757,NaN,boat,boat,NaN,n03662601_00011636.png
dinov2,1,758,NaN,boat,boat,NaN,n03662601_00012066.png
dinov2,1,759,NaN,boat,boat,NaN,n03662601_00014549.png
dinov2,1,760,NaN,boat,boat,NaN,n03662601_00016970.png
dinov2,1,761,NaN,boat,boat,NaN,n03662601_00019275.png
dinov2,1,762,NaN,boat,boat,NaN,n03662601_00023315.png
dinov2,1,763,NaN,boat,boat,NaN,n03662601_00029426.png
dinov2,1,764,NaN,boat,boat,NaN,n03662601_00040889.png
dinov2,1,765,NaN,boat,boat,NaN,n03662601_00044088.png
dinov2,1,766,NaN,boat,boat,NaN,n03662601_00047650.png
dinov2,1,767,NaN,boat,boat,NaN,n04273569_00001204.png
dinov2,1,768,NaN,boat,boat,NaN,n04273569_00007310.png
dinov2,1,769,NaN,boat,boat,NaN,n04273569_00014242.png
dinov2,1,770,NaN,boat,boat,NaN,n04273569_00021647.png
dinov2,1,771,NaN,boat,boat,NaN,n04612504_00003088.png
dinov2,1,772,NaN,boat,boat,NaN,n04612504_00012489.png
dinov2,1,773,NaN,boat,boat,NaN,n04612504_00014691.png
dinov2,1,774,NaN,boat,boat,NaN,n04612504_00015089.png
dinov2,1,775,NaN,boat,boat,NaN,n04612504_00015783.png
dinov2,1,776,NaN,boat,boat,NaN,n04612504_00023020.png
dinov2,1,777,NaN,boat,boat,NaN,n04612504_00025780.png
dinov2,1,778,NaN,boat,boat,NaN,n04612504_00033482.png
dinov2,1,779,NaN,boat,boat,NaN,n04612504_00035734.png
dinov2,1,780,NaN,bottle,bottle,NaN,n02823428_00003622.png
dinov2,1,781,NaN,bottle,bottle,NaN,n02823428_00004888.png
dinov2,1,782,NaN,bottle,bottle,NaN,n02823428_00016065.png
dinov2,1,783,NaN,bottle,bottle,NaN,n02823428_00020345.png
dinov2,1,784,NaN,bottle,bottle,NaN,n02823428_00022783.png
dinov2,1,785,NaN,bottle,bottle,NaN,n02823428_00031030.png
dinov2,1,786,NaN,bottle,bottle,NaN,n02823428_00032921.png
dinov2,1,787,NaN,bottle,bottle,NaN,n02823428_00034979.png
dinov2,1,788,NaN,bottle,bottle,NaN,n02823428_00036083.png
dinov2,1,789,NaN,bottle,bottle,NaN,n02823428_00037635.png
dinov2,1,790,NaN,bottle,bottle,NaN,n02823428_00039338.png
dinov2,1,791,NaN,bottle,bottle,NaN,n02823428_00044326.png
dinov2,1,792,NaN,bottle,bottle,NaN,n02823428_00045371.png
dinov2,1,793,NaN,bottle,bottle,NaN,n03937543_00001134.png
dinov2,1,794,NaN,bottle,bottle,NaN,n03937543_00009545.png
dinov2,1,795,NaN,bottle,bottle,NaN,n03937543_00015536.png
dinov2,1,796,NaN,bottle,bottle,NaN,n03937543_00016405.png
dinov2,1,797,NaN,bottle,bottle,NaN,n03937543_00016789.png
dinov2,1,798,NaN,bottle,bottle,NaN,n03937543_00021548.png
dinov2,1,799,NaN,bottle,bottle,NaN,n03937543_00023838.png
dinov2,1,800,NaN,bottle,bottle,NaN,n03937543_00025358.png
dinov2,1,801,NaN,bottle,bottle,NaN,n03937543_00030379.png
dinov2,1,802,NaN,bottle,bottle,NaN,n03937543_00043519.png
dinov2,1,803,NaN,bottle,bottle,NaN,n03983396_00001970.png
dinov2,1,804,NaN,bottle,bottle,NaN,n03983396_00003393.png
dinov2,1,805,NaN,bottle,bottle,NaN,n03983396_00024985.png
dinov2,1,806,NaN,bottle,bottle,NaN,n03983396_00028581.png
dinov2,1,807,NaN,bottle,bottle,NaN,n03983396_00032636.png
dinov2,1,808,NaN,bottle,bottle,NaN,n03983396_00033968.png
dinov2,1,809,NaN,bottle,bottle,NaN,n03983396_00038651.png
dinov2,1,810,NaN,bottle,bottle,NaN,n03983396_00039229.png
dinov2,1,811,NaN,bottle,bottle,NaN,n04557648_00004743.png
dinov2,1,812,NaN,bottle,bottle,NaN,n04557648_00007017.png
dinov2,1,813,NaN,bottle,bottle,NaN,n04557648_00010305.png
dinov2,1,814,NaN,bottle,bottle,NaN,n04557648_00025148.png
dinov2,1,815,NaN,bottle,bottle,NaN,n04557648_00027424.png
dinov2,1,816,NaN,bottle,bottle,NaN,n04557648_00030227.png
dinov2,1,817,NaN,bottle,bottle,NaN,n04557648_00032559.png
dinov2,1,818,NaN,bottle,bottle,NaN,n04557648_00045644.png
dinov2,1,819,NaN,bottle,bottle,NaN,n04557648_00046459.png
dinov2,1,820,NaN,bottle,bottle,NaN,n04560804_00000858.png
dinov2,1,821,NaN,bottle,bottle,NaN,n04560804_00016358.png
dinov2,1,822,NaN,bottle,bottle,NaN,n04560804_00020102.png
dinov2,1,823,NaN,bottle,bottle,NaN,n04560804_00025568.png
dinov2,1,824,NaN,bottle,bottle,NaN,n04560804_00041304.png
dinov2,1,825,NaN,bottle,bottle,NaN,n04560804_00044778.png
dinov2,1,826,NaN,bottle,bottle,NaN,n04560804_00045137.png
dinov2,1,827,NaN,bottle,bottle,NaN,n04579145_00006747.png
dinov2,1,828,NaN,bottle,bottle,NaN,n04579145_00015875.png
dinov2,1,829,NaN,bottle,bottle,NaN,n04579145_00030522.png
dinov2,1,830,NaN,bottle,bottle,NaN,n04579145_00031554.png
dinov2,1,831,NaN,bottle,bottle,NaN,n04579145_00035950.png
dinov2,1,832,NaN,bottle,bottle,NaN,n04579145_00038573.png
dinov2,1,833,NaN,bottle,bottle,NaN,n04579145_00041969.png
dinov2,1,834,NaN,bottle,bottle,NaN,n04579145_00042297.png
dinov2,1,835,NaN,bottle,bottle,NaN,n04579145_00042683.png
dinov2,1,836,NaN,bottle,bottle,NaN,n04579145_00043865.png
dinov2,1,837,NaN,bottle,bottle,NaN,n04591713_00000805.png
dinov2,1,838,NaN,bottle,bottle,NaN,n04591713_00002826.png
dinov2,1,839,NaN,bottle,bottle,NaN,n04591713_00003201.png
dinov2,1,840,NaN,bottle,bottle,NaN,n04591713_00005191.png
dinov2,1,841,NaN,clock,bottle,NaN,n04591713_00005388.png
dinov2,1,842,NaN,bottle,bottle,NaN,n04591713_00012594.png
dinov2,1,843,NaN,bottle,bottle,NaN,n04591713_00013247.png
dinov2,1,844,NaN,bottle,bottle,NaN,n04591713_00022049.png
dinov2,1,845,NaN,bottle,bottle,NaN,n04591713_00022978.png
dinov2,1,846,NaN,bottle,bottle,NaN,n04591713_00023318.png
dinov2,1,847,NaN,bottle,bottle,NaN,n04591713_00031066.png
dinov2,1,848,NaN,bottle,bottle,NaN,n04591713_00033940.png
dinov2,1,849,NaN,bottle,bottle,NaN,n04591713_00036242.png
dinov2,1,850,NaN,bottle,bottle,NaN,n04591713_00043192.png
dinov2,1,851,NaN,bottle,bottle,NaN,n04591713_00047213.png
dinov2,1,852,NaN,bottle,bottle,NaN,n04591713_00048279.png
dinov2,1,853,NaN,truck,car,NaN,n02814533_00008088.png
dinov2,1,854,NaN,car,car,NaN,n02814533_00023221.png
dinov2,1,855,NaN,car,car,NaN,n02814533_00023474.png
dinov2,1,856,NaN,car,car,NaN,n02814533_00024318.png
dinov2,1,857,NaN,car,car,NaN,n02814533_00027293.png
dinov2,1,858,NaN,truck,car,NaN,n02814533_00029094.png
dinov2,1,859,NaN,car,car,NaN,n02814533_00031464.png
dinov2,1,860,NaN,car,car,NaN,n02814533_00037112.png
dinov2,1,861,NaN,car,car,NaN,n02814533_00037160.png
dinov2,1,862,NaN,car,car,NaN,n03100240_00004868.png
dinov2,1,863,NaN,car,car,NaN,n03100240_00007348.png
dinov2,1,864,NaN,car,car,NaN,n03100240_00010676.png
dinov2,1,865,NaN,car,car,NaN,n03100240_00016337.png
dinov2,1,866,NaN,car,car,NaN,n03100240_00018569.png
dinov2,1,867,NaN,car,car,NaN,n03100240_00019496.png
dinov2,1,868,NaN,car,car,NaN,n03100240_00020524.png
dinov2,1,869,NaN,car,car,NaN,n03100240_00026398.png
dinov2,1,870,NaN,car,car,NaN,n03100240_00027397.png
dinov2,1,871,NaN,car,car,NaN,n03100240_00031558.png
dinov2,1,872,NaN,car,car,NaN,n03100240_00047687.png
dinov2,1,873,NaN,car,car,NaN,n04285008_00003049.png
dinov2,1,874,NaN,car,car,NaN,n04285008_00005798.png
dinov2,1,875,NaN,car,car,NaN,n04285008_00006285.png
dinov2,1,876,NaN,car,car,NaN,n04285008_00007125.png
dinov2,1,877,NaN,car,car,NaN,n04285008_00023858.png
dinov2,1,878,NaN,car,car,NaN,n04285008_00030351.png
dinov2,1,879,NaN,car,car,NaN,n04285008_00032944.png
dinov2,1,880,NaN,car,car,NaN,n04285008_00036695.png
dinov2,1,881,NaN,car,car,NaN,n04285008_00048308.png
dinov2,1,882,NaN,cat,cat,NaN,n02123045_00004422.png
dinov2,1,883,NaN,cat,cat,NaN,n02123045_00005358.png
dinov2,1,884,NaN,cat,cat,NaN,n02123045_00007676.png
dinov2,1,885,NaN,cat,cat,NaN,n02123045_00009921.png
dinov2,1,886,NaN,cat,cat,NaN,n02123045_00013684.png
dinov2,1,887,NaN,cat,cat,NaN,n02123045_00015378.png
dinov2,1,888,NaN,cat,cat,NaN,n02123045_00016240.png
dinov2,1,889,NaN,cat,cat,NaN,n02123045_00016483.png
dinov2,1,890,NaN,cat,cat,NaN,n02123045_00022080.png
dinov2,1,891,NaN,cat,cat,NaN,n02123045_00022853.png
dinov2,1,892,NaN,cat,cat,NaN,n02123045_00025723.png
dinov2,1,893,NaN,cat,cat,NaN,n02123045_00026412.png
dinov2,1,894,NaN,cat,cat,NaN,n02123045_00027013.png
dinov2,1,895,NaN,cat,cat,NaN,n02123045_00027189.png
dinov2,1,896,NaN,cat,cat,NaN,n02123045_00027226.png
dinov2,1,897,NaN,cat,cat,NaN,n02123045_00033490.png
dinov2,1,898,NaN,cat,cat,NaN,n02123045_00034676.png
dinov2,1,899,NaN,cat,cat,NaN,n02123045_00037997.png
dinov2,1,900,NaN,cat,cat,NaN,n02123045_00041570.png
dinov2,1,901,NaN,cat,cat,NaN,n02123045_00046297.png
dinov2,1,902,NaN,cat,cat,NaN,n02123045_00047455.png
dinov2,1,903,NaN,cat,cat,NaN,n02123159_00031361.png
dinov2,1,904,NaN,cat,cat,NaN,n02123159_00035532.png
dinov2,1,905,NaN,cat,cat,NaN,n02123159_00039553.png
dinov2,1,906,NaN,cat,cat,NaN,n02123159_00044027.png
dinov2,1,907,NaN,cat,cat,NaN,n02123394_00000130.png
dinov2,1,908,NaN,cat,cat,NaN,n02123394_00008986.png
dinov2,1,909,NaN,cat,cat,NaN,n02123394_00010995.png
dinov2,1,910,NaN,cat,cat,NaN,n02123394_00014216.png
dinov2,1,911,NaN,cat,cat,NaN,n02123394_00014813.png
dinov2,1,912,NaN,cat,cat,NaN,n02123394_00015898.png
dinov2,1,913,NaN,cat,cat,NaN,n02123394_00016354.png
dinov2,1,914,NaN,cat,cat,NaN,n02123394_00017814.png
dinov2,1,915,NaN,cat,cat,NaN,n02123394_00026830.png
dinov2,1,916,NaN,cat,cat,NaN,n02123394_00027448.png
dinov2,1,917,NaN,cat,cat,NaN,n02123394_00035172.png
dinov2,1,918,NaN,cat,cat,NaN,n02123394_00037733.png
dinov2,1,919,NaN,cat,cat,NaN,n02123597_00011738.png
dinov2,1,920,NaN,cat,cat,NaN,n02123597_00014773.png
dinov2,1,921,NaN,cat,cat,NaN,n02123597_00017186.png
dinov2,1,922,NaN,cat,cat,NaN,n02123597_00017692.png
dinov2,1,923,NaN,cat,cat,NaN,n02123597_00025887.png
dinov2,1,924,NaN,cat,cat,NaN,n02123597_00028213.png
dinov2,1,925,NaN,cat,cat,NaN,n02123597_00034254.png
dinov2,1,926,NaN,cat,cat,NaN,n02123597_00040848.png
dinov2,1,927,NaN,cat,cat,NaN,n02123597_00043090.png
dinov2,1,928,NaN,cat,cat,NaN,n02123597_00043546.png
dinov2,1,929,NaN,cat,cat,NaN,n02123597_00043632.png
dinov2,1,930,NaN,cat,cat,NaN,n02123597_00045347.png
dinov2,1,931,NaN,cat,cat,NaN,n02123597_00047103.png
dinov2,1,932,NaN,cat,cat,NaN,n02123597_00048160.png
dinov2,1,933,NaN,cat,cat,NaN,n02124075_00002072.png
dinov2,1,934,NaN,cat,cat,NaN,n02124075_00019119.png
dinov2,1,935,NaN,cat,cat,NaN,n02124075_00023871.png
dinov2,1,936,NaN,cat,cat,NaN,n02124075_00028628.png
dinov2,1,937,NaN,cat,cat,NaN,n02124075_00035577.png
dinov2,1,938,NaN,cat,cat,NaN,n02124075_00038976.png
dinov2,1,939,NaN,cat,cat,NaN,n02125311_00000487.png
dinov2,1,940,NaN,cat,cat,NaN,n02125311_00003940.png
dinov2,1,941,NaN,cat,cat,NaN,n02125311_00006612.png
dinov2,1,942,NaN,cat,cat,NaN,n02125311_00010047.png
dinov2,1,943,NaN,cat,cat,NaN,n02125311_00012457.png
dinov2,1,944,NaN,clock,cat,NaN,n02125311_00021045.png
dinov2,1,945,NaN,cat,cat,NaN,n02125311_00024128.png
dinov2,1,946,NaN,cat,cat,NaN,n02125311_00025629.png
dinov2,1,947,NaN,cat,cat,NaN,n02125311_00027069.png
dinov2,1,948,NaN,cat,cat,NaN,n02125311_00036603.png
dinov2,1,949,NaN,cat,cat,NaN,n02125311_00037633.png
dinov2,1,950,NaN,cat,cat,NaN,n02125311_00039595.png
dinov2,1,951,NaN,cat,cat,NaN,n02125311_00042529.png
dinov2,1,952,NaN,cat,cat,NaN,n02125311_00045185.png
dinov2,1,953,NaN,chair,chair,NaN,n02791124_00001604.png
dinov2,1,954,NaN,chair,chair,NaN,n02791124_00002466.png
dinov2,1,955,NaN,chair,chair,NaN,n02791124_00005762.png
dinov2,1,956,NaN,chair,chair,NaN,n02791124_00015077.png
dinov2,1,957,NaN,chair,chair,NaN,n02791124_00024368.png
dinov2,1,958,NaN,chair,chair,NaN,n02791124_00031805.png
dinov2,1,959,NaN,chair,chair,NaN,n02791124_00033367.png
dinov2,1,960,NaN,chair,chair,NaN,n02791124_00043116.png
dinov2,1,961,NaN,chair,chair,NaN,n02791124_00044194.png
dinov2,1,962,NaN,chair,chair,NaN,n02791124_00044551.png
dinov2,1,963,NaN,chair,chair,NaN,n02791124_00049050.png
dinov2,1,964,NaN,chair,chair,NaN,n03376595_00001855.png
dinov2,1,965,NaN,chair,chair,NaN,n03376595_00002914.png
dinov2,1,966,NaN,chair,chair,NaN,n03376595_00010721.png
dinov2,1,967,NaN,chair,chair,NaN,n03376595_00015646.png
dinov2,1,968,NaN,chair,chair,NaN,n03376595_00016142.png
dinov2,1,969,NaN,chair,chair,NaN,n03376595_00024982.png
dinov2,1,970,NaN,chair,chair,NaN,n03376595_00036175.png
dinov2,1,971,NaN,chair,chair,NaN,n03376595_00037905.png
dinov2,1,972,NaN,chair,chair,NaN,n03376595_00040576.png
dinov2,1,973,NaN,chair,chair,NaN,n03376595_00042545.png
dinov2,1,974,NaN,chair,chair,NaN,n03376595_00043253.png
dinov2,1,975,NaN,chair,chair,NaN,n03376595_00048216.png
dinov2,1,976,NaN,chair,chair,NaN,n04099969_00000421.png
dinov2,1,977,NaN,chair,chair,NaN,n04099969_00001953.png
dinov2,1,978,NaN,chair,chair,NaN,n04099969_00007686.png
dinov2,1,979,NaN,chair,chair,NaN,n04099969_00015390.png
dinov2,1,980,NaN,chair,chair,NaN,n04099969_00017214.png
dinov2,1,981,NaN,chair,chair,NaN,n04099969_00017447.png
dinov2,1,982,NaN,chair,chair,NaN,n04099969_00017631.png
dinov2,1,983,NaN,chair,chair,NaN,n04099969_00019156.png
dinov2,1,984,NaN,chair,chair,NaN,n04099969_00022208.png
dinov2,1,985,NaN,chair,chair,NaN,n04099969_00029809.png
dinov2,1,986,NaN,chair,chair,NaN,n04099969_00039260.png
dinov2,1,987,NaN,chair,chair,NaN,n04099969_00046064.png
dinov2,1,988,NaN,chair,chair,NaN,n04429376_00007693.png
dinov2,1,989,NaN,chair,chair,NaN,n04429376_00011028.png
dinov2,1,990,NaN,chair,chair,NaN,n04429376_00013871.png
dinov2,1,991,NaN,chair,chair,NaN,n04429376_00016534.png
dinov2,1,992,NaN,chair,chair,NaN,n04429376_00019913.png
dinov2,1,993,NaN,chair,chair,NaN,n04429376_00038073.png
dinov2,1,994,NaN,chair,chair,NaN,n04429376_00044295.png
dinov2,1,995,NaN,chair,chair,NaN,n04429376_00044863.png
dinov2,1,996,NaN,chair,chair,NaN,n04429376_00048901.png
dinov2,1,997,NaN,clock,clock,NaN,n02708093_00001011.png
dinov2,1,998,NaN,clock,clock,NaN,n02708093_00004871.png
dinov2,1,999,NaN,clock,clock,NaN,n02708093_00006858.png
dinov2,1,1000,NaN,clock,clock,NaN,n02708093_00013244.png
dinov2,1,1001,NaN,clock,clock,NaN,n02708093_00015820.png
dinov2,1,1002,NaN,clock,clock,NaN,n02708093_00021179.png
dinov2,1,1003,NaN,clock,clock,NaN,n02708093_00031526.png
dinov2,1,1004,NaN,clock,clock,NaN,n03196217_00008751.png
dinov2,1,1005,NaN,clock,clock,NaN,n03196217_00023369.png
dinov2,1,1006,NaN,clock,clock,NaN,n03196217_00025849.png
dinov2,1,1007,NaN,clock,clock,NaN,n03196217_00026752.png
dinov2,1,1008,NaN,clock,clock,NaN,n03196217_00028203.png
dinov2,1,1009,NaN,clock,clock,NaN,n03196217_00041483.png
dinov2,1,1010,NaN,clock,clock,NaN,n03196217_00044029.png
dinov2,1,1011,NaN,clock,clock,NaN,n03196217_00047057.png
dinov2,1,1012,NaN,clock,clock,NaN,n03196217_00048682.png
dinov2,1,1013,NaN,clock,clock,NaN,n03196217_00049759.png
dinov2,1,1014,NaN,clock,clock,NaN,n04548280_00007256.png
dinov2,1,1015,NaN,clock,clock,NaN,n04548280_00009413.png
dinov2,1,1016,NaN,clock,clock,NaN,n04548280_00010270.png
dinov2,1,1017,NaN,clock,clock,NaN,n04548280_00013320.png
dinov2,1,1018,NaN,clock,clock,NaN,n04548280_00014035.png
dinov2,1,1019,NaN,clock,clock,NaN,n04548280_00016885.png
dinov2,1,1020,NaN,clock,clock,NaN,n04548280_00019803.png
dinov2,1,1021,NaN,clock,clock,NaN,n04548280_00020711.png
dinov2,1,1022,NaN,clock,clock,NaN,n04548280_00023862.png
dinov2,1,1023,NaN,clock,clock,NaN,n04548280_00024278.png
dinov2,1,1024,NaN,clock,clock,NaN,n04548280_00030338.png
dinov2,1,1025,NaN,clock,clock,NaN,n04548280_00032489.png
dinov2,1,1026,NaN,clock,clock,NaN,n04548280_00033732.png
dinov2,1,1027,NaN,clock,clock,NaN,n04548280_00034303.png
dinov2,1,1028,NaN,clock,clock,NaN,n04548280_00044685.png
dinov2,1,1029,NaN,clock,clock,NaN,n04548280_00044752.png
dinov2,1,1030,NaN,clock,clock,NaN,n04548280_00049591.png
dinov2,1,1031,NaN,dog,dog,NaN,n02085782_00001228.png
dinov2,1,1032,NaN,dog,dog,NaN,n02085782_00004671.png
dinov2,1,1033,NaN,dog,dog,NaN,n02085782_00011749.png
dinov2,1,1034,NaN,dog,dog,NaN,n02085782_00011985.png
dinov2,1,1035,NaN,dog,dog,NaN,n02085782_00014911.png
dinov2,1,1036,NaN,dog,dog,NaN,n02085782_00018296.png
dinov2,1,1037,NaN,dog,dog,NaN,n02085782_00026017.png
dinov2,1,1038,NaN,dog,dog,NaN,n02085782_00028459.png
dinov2,1,1039,NaN,dog,dog,NaN,n02085782_00031965.png
dinov2,1,1040,NaN,dog,dog,NaN,n02085782_00037230.png
dinov2,1,1041,NaN,dog,dog,NaN,n02085782_00044642.png
dinov2,1,1042,NaN,dog,dog,NaN,n02085782_00047276.png
dinov2,1,1043,NaN,dog,dog,NaN,n02085936_00002214.png
dinov2,1,1044,NaN,dog,dog,NaN,n02085936_00007652.png
dinov2,1,1045,NaN,dog,dog,NaN,n02085936_00010238.png
dinov2,1,1046,NaN,dog,dog,NaN,n02085936_00011612.png
dinov2,1,1047,NaN,dog,dog,NaN,n02085936_00012291.png
dinov2,1,1048,NaN,dog,dog,NaN,n02085936_00015807.png
dinov2,1,1049,NaN,dog,dog,NaN,n02085936_00021546.png
dinov2,1,1050,NaN,dog,dog,NaN,n02085936_00024809.png
dinov2,1,1051,NaN,dog,dog,NaN,n02085936_00029546.png
dinov2,1,1052,NaN,dog,dog,NaN,n02085936_00039695.png
dinov2,1,1053,NaN,dog,dog,NaN,n02085936_00041529.png
dinov2,1,1054,NaN,dog,dog,NaN,n02085936_00045134.png
dinov2,1,1055,NaN,dog,dog,NaN,n02086079_00009576.png
dinov2,1,1056,NaN,dog,dog,NaN,n02086079_00013173.png
dinov2,1,1057,NaN,dog,dog,NaN,n02086079_00015334.png
dinov2,1,1058,NaN,dog,dog,NaN,n02086079_00023553.png
dinov2,1,1059,NaN,dog,dog,NaN,n02086079_00025628.png
dinov2,1,1060,NaN,dog,dog,NaN,n02086079_00031721.png
dinov2,1,1061,NaN,dog,dog,NaN,n02086079_00036703.png
dinov2,1,1062,NaN,dog,dog,NaN,n02086079_00048333.png
dinov2,1,1063,NaN,dog,dog,NaN,n02086240_00001244.png
dinov2,1,1064,NaN,dog,dog,NaN,n02086240_00005898.png
dinov2,1,1065,NaN,dog,dog,NaN,n02086240_00006146.png
dinov2,1,1066,NaN,dog,dog,NaN,n02086240_00011869.png
dinov2,1,1067,NaN,dog,dog,NaN,n02086240_00014050.png
dinov2,1,1068,NaN,dog,dog,NaN,n02086240_00014174.png
dinov2,1,1069,NaN,dog,dog,NaN,n02086240_00022091.png
dinov2,1,1070,NaN,dog,dog,NaN,n02086240_00023469.png
dinov2,1,1071,NaN,dog,dog,NaN,n02086240_00025437.png
dinov2,1,1072,NaN,dog,dog,NaN,n02086240_00029700.png
dinov2,1,1073,NaN,dog,dog,NaN,n02086240_00036751.png
dinov2,1,1074,NaN,dog,dog,NaN,n02086240_00038882.png
dinov2,1,1075,NaN,dog,dog,NaN,n02086240_00039807.png
dinov2,1,1076,NaN,dog,dog,NaN,n02086240_00044661.png
dinov2,1,1077,NaN,dog,dog,NaN,n02086646_00001141.png
dinov2,1,1078,NaN,dog,dog,NaN,n02086646_00002288.png
dinov2,1,1079,NaN,dog,dog,NaN,n02086646_00010163.png
dinov2,1,1080,NaN,dog,dog,NaN,n02086646_00011473.png
dinov2,1,1081,NaN,dog,dog,NaN,n02086646_00017568.png
dinov2,1,1082,NaN,dog,dog,NaN,n02086646_00021961.png
dinov2,1,1083,NaN,dog,dog,NaN,n02086646_00022264.png
dinov2,1,1084,NaN,dog,dog,NaN,n02086646_00022705.png
dinov2,1,1085,NaN,dog,dog,NaN,n02086646_00026199.png
dinov2,1,1086,NaN,dog,dog,NaN,n02086646_00027937.png
dinov2,1,1087,NaN,dog,dog,NaN,n02086646_00028992.png
dinov2,1,1088,NaN,dog,dog,NaN,n02086646_00037252.png
dinov2,1,1089,NaN,dog,dog,NaN,n02086646_00041305.png
dinov2,1,1090,NaN,dog,dog,NaN,n02086646_00047913.png
dinov2,1,1091,NaN,dog,dog,NaN,n02086910_00001389.png
dinov2,1,1092,NaN,dog,dog,NaN,n02086910_00001697.png
dinov2,1,1093,NaN,dog,dog,NaN,n02086910_00004073.png
dinov2,1,1094,NaN,dog,dog,NaN,n02086910_00011751.png
dinov2,1,1095,NaN,dog,dog,NaN,n02086910_00016757.png
dinov2,1,1096,NaN,dog,dog,NaN,n02086910_00017980.png
dinov2,1,1097,NaN,dog,dog,NaN,n02086910_00024887.png
dinov2,1,1098,NaN,dog,dog,NaN,n02086910_00027518.png
dinov2,1,1099,NaN,dog,dog,NaN,n02086910_00033773.png
dinov2,1,1100,NaN,dog,dog,NaN,n02086910_00036440.png
dinov2,1,1101,NaN,dog,dog,NaN,n02086910_00047202.png
dinov2,1,1102,NaN,dog,dog,NaN,n02086910_00048254.png
dinov2,1,1103,NaN,dog,dog,NaN,n02087046_00009570.png
dinov2,1,1104,NaN,dog,dog,NaN,n02087046_00014912.png
dinov2,1,1105,NaN,dog,dog,NaN,n02087046_00020963.png
dinov2,1,1106,NaN,dog,dog,NaN,n02087046_00022196.png
dinov2,1,1107,NaN,dog,dog,NaN,n02087046_00025550.png
dinov2,1,1108,NaN,dog,dog,NaN,n02087046_00034454.png
dinov2,1,1109,NaN,dog,dog,NaN,n02087046_00036150.png
dinov2,1,1110,NaN,dog,dog,NaN,n02087046_00038107.png
dinov2,1,1111,NaN,dog,dog,NaN,n02087046_00038335.png
dinov2,1,1112,NaN,dog,dog,NaN,n02087394_00000077.png
dinov2,1,1113,NaN,dog,dog,NaN,n02087394_00005364.png
dinov2,1,1114,NaN,dog,dog,NaN,n02087394_00008698.png
dinov2,1,1115,NaN,dog,dog,NaN,n02087394_00009200.png
dinov2,1,1116,NaN,dog,dog,NaN,n02087394_00024789.png
dinov2,1,1117,NaN,dog,dog,NaN,n02087394_00026736.png
dinov2,1,1118,NaN,dog,dog,NaN,n02087394_00027669.png
dinov2,1,1119,NaN,dog,dog,NaN,n02087394_00028932.png
dinov2,1,1120,NaN,dog,dog,NaN,n02087394_00034160.png
dinov2,1,1121,NaN,dog,dog,NaN,n02087394_00034616.png
dinov2,1,1122,NaN,dog,dog,NaN,n02087394_00035341.png
dinov2,1,1123,NaN,dog,dog,NaN,n02087394_00035893.png
dinov2,1,1124,NaN,dog,dog,NaN,n02087394_00038227.png
dinov2,1,1125,NaN,dog,dog,NaN,n02087394_00042442.png
dinov2,1,1126,NaN,dog,dog,NaN,n02087394_00043305.png
dinov2,1,1127,NaN,dog,dog,NaN,n02087394_00044140.png
dinov2,1,1128,NaN,dog,dog,NaN,n02087394_00045109.png
dinov2,1,1129,NaN,dog,dog,NaN,n02087394_00049614.png
dinov2,1,1130,NaN,dog,dog,NaN,n02088094_00000082.png
dinov2,1,1131,NaN,dog,dog,NaN,n02088094_00010902.png
dinov2,1,1132,NaN,dog,dog,NaN,n02088094_00014386.png
dinov2,1,1133,NaN,dog,dog,NaN,n02088094_00015990.png
dinov2,1,1134,NaN,dog,dog,NaN,n02088094_00029056.png
dinov2,1,1135,NaN,dog,dog,NaN,n02088094_00031439.png
dinov2,1,1136,NaN,dog,dog,NaN,n02088094_00032668.png
dinov2,1,1137,NaN,dog,dog,NaN,n02088094_00035315.png
dinov2,1,1138,NaN,dog,dog,NaN,n02088094_00040105.png
dinov2,1,1139,NaN,dog,dog,NaN,n02088094_00043825.png
dinov2,1,1140,NaN,dog,dog,NaN,n02088094_00044644.png
dinov2,1,1141,NaN,dog,dog,NaN,n02088094_00048915.png
dinov2,1,1142,NaN,dog,dog,NaN,n02088238_00003922.png
dinov2,1,1143,NaN,dog,dog,NaN,n02088238_00008311.png
dinov2,1,1144,NaN,dog,dog,NaN,n02088238_00015244.png
dinov2,1,1145,NaN,dog,dog,NaN,n02088238_00019241.png
dinov2,1,1146,NaN,dog,dog,NaN,n02088238_00019581.png
dinov2,1,1147,NaN,dog,dog,NaN,n02088238_00023968.png
dinov2,1,1148,NaN,dog,dog,NaN,n02088238_00025539.png
dinov2,1,1149,NaN,dog,dog,NaN,n02088238_00026622.png
dinov2,1,1150,NaN,dog,dog,NaN,n02088238_00033003.png
dinov2,1,1151,NaN,dog,dog,NaN,n02088238_00034571.png
dinov2,1,1152,NaN,dog,dog,NaN,n02088238_00039556.png
dinov2,1,1153,NaN,dog,dog,NaN,n02088364_00000599.png
dinov2,1,1154,NaN,dog,dog,NaN,n02088364_00005291.png
dinov2,1,1155,NaN,dog,dog,NaN,n02088364_00008435.png
dinov2,1,1156,NaN,dog,dog,NaN,n02088364_00013381.png
dinov2,1,1157,NaN,dog,dog,NaN,n02088364_00016656.png
dinov2,1,1158,NaN,dog,dog,NaN,n02088364_00018916.png
dinov2,1,1159,NaN,oven,dog,NaN,n02088364_00020553.png
dinov2,1,1160,NaN,dog,dog,NaN,n02088364_00021357.png
dinov2,1,1161,NaN,dog,dog,NaN,n02088364_00033233.png
dinov2,1,1162,NaN,dog,dog,NaN,n02088364_00034296.png
dinov2,1,1163,NaN,dog,dog,NaN,n02088364_00035414.png
dinov2,1,1164,NaN,dog,dog,NaN,n02088364_00036728.png
dinov2,1,1165,NaN,dog,dog,NaN,n02088364_00036913.png
dinov2,1,1166,NaN,dog,dog,NaN,n02088364_00039659.png
dinov2,1,1167,NaN,dog,dog,NaN,n02088364_00044978.png
dinov2,1,1168,NaN,dog,dog,NaN,n02088364_00047125.png
dinov2,1,1169,NaN,clock,dog,NaN,n02088364_00049819.png
dinov2,1,1170,NaN,dog,dog,NaN,n02088466_00007178.png
dinov2,1,1171,NaN,dog,dog,NaN,n02088466_00020740.png
dinov2,1,1172,NaN,dog,dog,NaN,n02088466_00034356.png
dinov2,1,1173,NaN,dog,dog,NaN,n02088466_00040708.png
dinov2,1,1174,NaN,dog,dog,NaN,n02088466_00044605.png
dinov2,1,1175,NaN,dog,dog,NaN,n02088466_00049344.png
dinov2,1,1176,NaN,dog,dog,NaN,n02088632_00018028.png
dinov2,1,1177,NaN,dog,dog,NaN,n02088632_00022122.png
dinov2,1,1178,NaN,dog,dog,NaN,n02088632_00025655.png
dinov2,1,1179,NaN,dog,dog,NaN,n02088632_00032451.png
dinov2,1,1180,NaN,dog,dog,NaN,n02088632_00036002.png
dinov2,1,1181,NaN,dog,dog,NaN,n02088632_00038761.png
dinov2,1,1182,NaN,dog,dog,NaN,n02088632_00039010.png
dinov2,1,1183,NaN,dog,dog,NaN,n02088632_00043629.png
dinov2,1,1184,NaN,dog,dog,NaN,n02088632_00044875.png
dinov2,1,1185,NaN,dog,dog,NaN,n02088632_00046273.png
dinov2,1,1186,NaN,dog,dog,NaN,n02089078_00002398.png
dinov2,1,1187,NaN,dog,dog,NaN,n02089078_00018811.png
dinov2,1,1188,NaN,dog,dog,NaN,n02089078_00026692.png
dinov2,1,1189,NaN,dog,dog,NaN,n02089078_00029648.png
dinov2,1,1190,NaN,dog,dog,NaN,n02089078_00029836.png
dinov2,1,1191,NaN,dog,dog,NaN,n02089078_00029973.png
dinov2,1,1192,NaN,dog,dog,NaN,n02089078_00030326.png
dinov2,1,1193,NaN,dog,dog,NaN,n02089078_00045901.png
dinov2,1,1194,NaN,dog,dog,NaN,n02089078_00045912.png
dinov2,1,1195,NaN,dog,dog,NaN,n02089078_00045968.png
dinov2,1,1196,NaN,dog,dog,NaN,n02089078_00046881.png
dinov2,1,1197,NaN,dog,dog,NaN,n02089078_00049198.png
dinov2,1,1198,NaN,dog,dog,NaN,n02089867_00000511.png
dinov2,1,1199,NaN,dog,dog,NaN,n02089867_00002373.png
dinov2,1,1200,NaN,dog,dog,NaN,n02089867_00004148.png
dinov2,1,1201,NaN,dog,dog,NaN,n02089867_00023765.png
dinov2,1,1202,NaN,dog,dog,NaN,n02089867_00024521.png
dinov2,1,1203,NaN,dog,dog,NaN,n02089867_00027348.png
dinov2,1,1204,NaN,dog,dog,NaN,n02089867_00030083.png
dinov2,1,1205,NaN,dog,dog,NaN,n02089867_00042394.png
dinov2,1,1206,NaN,dog,dog,NaN,n02089867_00043580.png
dinov2,1,1207,NaN,dog,dog,NaN,n02089867_00046158.png
dinov2,1,1208,NaN,dog,dog,NaN,n02089867_00049229.png
dinov2,1,1209,NaN,dog,dog,NaN,n02089973_00001777.png
dinov2,1,1210,NaN,dog,dog,NaN,n02089973_00007850.png
dinov2,1,1211,NaN,dog,dog,NaN,n02089973_00012235.png
dinov2,1,1212,NaN,dog,dog,NaN,n02089973_00018649.png
dinov2,1,1213,NaN,dog,dog,NaN,n02089973_00018835.png
dinov2,1,1214,NaN,dog,dog,NaN,n02089973_00019525.png
dinov2,1,1215,NaN,dog,dog,NaN,n02089973_00020403.png
dinov2,1,1216,NaN,dog,dog,NaN,n02089973_00025914.png
dinov2,1,1217,NaN,dog,dog,NaN,n02089973_00035749.png
dinov2,1,1218,NaN,dog,dog,NaN,n02089973_00037331.png
dinov2,1,1219,NaN,dog,dog,NaN,n02090379_00001267.png
dinov2,1,1220,NaN,dog,dog,NaN,n02090379_00001363.png
dinov2,1,1221,NaN,dog,dog,NaN,n02090379_00004974.png
dinov2,1,1222,NaN,dog,dog,NaN,n02090379_00005808.png
dinov2,1,1223,NaN,dog,dog,NaN,n02090379_00008272.png
dinov2,1,1224,NaN,dog,dog,NaN,n02090379_00023155.png
dinov2,1,1225,NaN,dog,dog,NaN,n02090379_00024043.png
dinov2,1,1226,NaN,dog,dog,NaN,n02090379_00027290.png
dinov2,1,1227,NaN,dog,dog,NaN,n02090379_00034024.png
dinov2,1,1228,NaN,dog,dog,NaN,n02090379_00037855.png
dinov2,1,1229,NaN,dog,dog,NaN,n02090379_00045207.png
dinov2,1,1230,NaN,dog,dog,NaN,n02090379_00046753.png
dinov2,1,1231,NaN,dog,dog,NaN,n02090622_00006495.png
dinov2,1,1232,NaN,dog,dog,NaN,n02090622_00009057.png
dinov2,1,1233,NaN,dog,dog,NaN,n02090622_00009378.png
dinov2,1,1234,NaN,dog,dog,NaN,n02090622_00013399.png
dinov2,1,1235,NaN,dog,dog,NaN,n02090622_00017766.png
dinov2,1,1236,NaN,dog,dog,NaN,n02090622_00031051.png
dinov2,1,1237,NaN,dog,dog,NaN,n02090622_00037820.png
dinov2,1,1238,NaN,dog,dog,NaN,n02090622_00043334.png
dinov2,1,1239,NaN,dog,dog,NaN,n02090622_00045735.png
dinov2,1,1240,NaN,dog,dog,NaN,n02090622_00047707.png
dinov2,1,1241,NaN,dog,dog,NaN,n02090721_00011400.png
dinov2,1,1242,NaN,dog,dog,NaN,n02090721_00014913.png
dinov2,1,1243,NaN,dog,dog,NaN,n02090721_00019719.png
dinov2,1,1244,NaN,dog,dog,NaN,n02090721_00027629.png
dinov2,1,1245,NaN,dog,dog,NaN,n02090721_00028881.png
dinov2,1,1246,NaN,dog,dog,NaN,n02090721_00032464.png
dinov2,1,1247,NaN,dog,dog,NaN,n02090721_00041351.png
dinov2,1,1248,NaN,dog,dog,NaN,n02090721_00042690.png
dinov2,1,1249,NaN,dog,dog,NaN,n02090721_00046672.png
dinov2,1,1250,NaN,dog,dog,NaN,n02091032_00002024.png
dinov2,1,1251,NaN,dog,dog,NaN,n02091032_00011356.png
dinov2,1,1252,NaN,dog,dog,NaN,n02091032_00017147.png
dinov2,1,1253,NaN,dog,dog,NaN,n02091032_00018767.png
dinov2,1,1254,NaN,dog,dog,NaN,n02091032_00026310.png
dinov2,1,1255,NaN,dog,dog,NaN,n02091032_00029591.png
dinov2,1,1256,NaN,dog,dog,NaN,n02091032_00031868.png
dinov2,1,1257,NaN,dog,dog,NaN,n02091032_00034184.png
dinov2,1,1258,NaN,dog,dog,NaN,n02091032_00042240.png
dinov2,1,1259,NaN,dog,dog,NaN,n02091032_00045382.png
dinov2,1,1260,NaN,dog,dog,NaN,n02091032_00046897.png
dinov2,1,1261,NaN,dog,dog,NaN,n02091134_00002417.png
dinov2,1,1262,NaN,dog,dog,NaN,n02091134_00004407.png
dinov2,1,1263,NaN,dog,dog,NaN,n02091134_00004823.png
dinov2,1,1264,NaN,dog,dog,NaN,n02091134_00015562.png
dinov2,1,1265,NaN,dog,dog,NaN,n02091134_00016886.png
dinov2,1,1266,NaN,dog,dog,NaN,n02091134_00022036.png
dinov2,1,1267,NaN,dog,dog,NaN,n02091134_00022753.png
dinov2,1,1268,NaN,dog,dog,NaN,n02091134_00023285.png
dinov2,1,1269,NaN,dog,dog,NaN,n02091134_00023877.png
dinov2,1,1270,NaN,dog,dog,NaN,n02091134_00036700.png
dinov2,1,1271,NaN,dog,dog,NaN,n02091134_00042414.png
dinov2,1,1272,NaN,dog,dog,NaN,n02091134_00043009.png
dinov2,1,1273,NaN,dog,dog,NaN,n02091244_00001250.png
dinov2,1,1274,NaN,dog,dog,NaN,n02091244_00001548.png
dinov2,1,1275,NaN,dog,dog,NaN,n02091244_00002325.png
dinov2,1,1276,NaN,dog,dog,NaN,n02091244_00012608.png
dinov2,1,1277,NaN,dog,dog,NaN,n02091244_00015464.png
dinov2,1,1278,NaN,clock,dog,NaN,n02091244_00024216.png
dinov2,1,1279,NaN,dog,dog,NaN,n02091244_00028683.png
dinov2,1,1280,NaN,dog,dog,NaN,n02091244_00030539.png
dinov2,1,1281,NaN,dog,dog,NaN,n02091244_00032400.png
dinov2,1,1282,NaN,dog,dog,NaN,n02091467_00007116.png
dinov2,1,1283,NaN,dog,dog,NaN,n02091467_00008229.png
dinov2,1,1284,NaN,dog,dog,NaN,n02091467_00010665.png
dinov2,1,1285,NaN,dog,dog,NaN,n02091467_00015804.png
dinov2,1,1286,NaN,dog,dog,NaN,n02091467_00022125.png
dinov2,1,1287,NaN,dog,dog,NaN,n02091467_00027011.png
dinov2,1,1288,NaN,dog,dog,NaN,n02091467_00030088.png
dinov2,1,1289,NaN,dog,dog,NaN,n02091467_00033843.png
dinov2,1,1290,NaN,dog,dog,NaN,n02091467_00034005.png
dinov2,1,1291,NaN,dog,dog,NaN,n02091467_00044846.png
dinov2,1,1292,NaN,dog,dog,NaN,n02091467_00045141.png
dinov2,1,1293,NaN,dog,dog,NaN,n02091635_00000079.png
dinov2,1,1294,NaN,dog,dog,NaN,n02091635_00005279.png
dinov2,1,1295,NaN,dog,dog,NaN,n02091635_00007446.png
dinov2,1,1296,NaN,dog,dog,NaN,n02091635_00019639.png
dinov2,1,1297,NaN,dog,dog,NaN,n02091635_00024169.png
dinov2,1,1298,NaN,dog,dog,NaN,n02091635_00031508.png
dinov2,1,1299,NaN,dog,dog,NaN,n02091635_00031693.png
dinov2,1,1300,NaN,dog,dog,NaN,n02091635_00035781.png
dinov2,1,1301,NaN,dog,dog,NaN,n02091635_00037989.png
dinov2,1,1302,NaN,dog,dog,NaN,n02091635_00041735.png
dinov2,1,1303,NaN,dog,dog,NaN,n02091831_00000300.png
dinov2,1,1304,NaN,dog,dog,NaN,n02091831_00003227.png
dinov2,1,1305,NaN,dog,dog,NaN,n02091831_00010087.png
dinov2,1,1306,NaN,dog,dog,NaN,n02091831_00017092.png
dinov2,1,1307,NaN,dog,dog,NaN,n02091831_00017592.png
dinov2,1,1308,NaN,dog,dog,NaN,n02091831_00027267.png
dinov2,1,1309,NaN,dog,dog,NaN,n02091831_00034334.png
dinov2,1,1310,NaN,dog,dog,NaN,n02091831_00035609.png
dinov2,1,1311,NaN,dog,dog,NaN,n02091831_00043842.png
dinov2,1,1312,NaN,dog,dog,NaN,n02091831_00047324.png
dinov2,1,1313,NaN,dog,dog,NaN,n02092002_00000405.png
dinov2,1,1314,NaN,dog,dog,NaN,n02092002_00008739.png
dinov2,1,1315,NaN,dog,dog,NaN,n02092002_00018121.png
dinov2,1,1316,NaN,dog,dog,NaN,n02092002_00020058.png
dinov2,1,1317,NaN,dog,dog,NaN,n02092002_00024254.png
dinov2,1,1318,NaN,dog,dog,NaN,n02092002_00024831.png
dinov2,1,1319,NaN,dog,dog,NaN,n02092002_00026985.png
dinov2,1,1320,NaN,dog,dog,NaN,n02092002_00029122.png
dinov2,1,1321,NaN,dog,dog,NaN,n02092002_00031827.png
dinov2,1,1322,NaN,dog,dog,NaN,n02092002_00038705.png
dinov2,1,1323,NaN,dog,dog,NaN,n02092002_00049004.png
dinov2,1,1324,NaN,dog,dog,NaN,n02092339_00001385.png
dinov2,1,1325,NaN,dog,dog,NaN,n02092339_00001425.png
dinov2,1,1326,NaN,dog,dog,NaN,n02092339_00001485.png
dinov2,1,1327,NaN,dog,dog,NaN,n02092339_00022824.png
dinov2,1,1328,NaN,dog,dog,NaN,n02092339_00023027.png
dinov2,1,1329,NaN,dog,dog,NaN,n02092339_00024567.png
dinov2,1,1330,NaN,dog,dog,NaN,n02092339_00025680.png
dinov2,1,1331,NaN,dog,dog,NaN,n02092339_00025711.png
dinov2,1,1332,NaN,dog,dog,NaN,n02092339_00030285.png
dinov2,1,1333,NaN,dog,dog,NaN,n02092339_00032957.png
dinov2,1,1334,NaN,dog,dog,NaN,n02092339_00040809.png
dinov2,1,1335,NaN,dog,dog,NaN,n02092339_00042745.png
dinov2,1,1336,NaN,dog,dog,NaN,n02092339_00044897.png
dinov2,1,1337,NaN,dog,dog,NaN,n02092339_00047414.png
dinov2,1,1338,NaN,dog,dog,NaN,n02093256_00013508.png
dinov2,1,1339,NaN,dog,dog,NaN,n02093256_00023541.png
dinov2,1,1340,NaN,dog,dog,NaN,n02093256_00027428.png
dinov2,1,1341,NaN,dog,dog,NaN,n02093256_00028332.png
dinov2,1,1342,NaN,dog,dog,NaN,n02093256_00030399.png
dinov2,1,1343,NaN,dog,dog,NaN,n02093256_00032018.png
dinov2,1,1344,NaN,dog,dog,NaN,n02093256_00033319.png
dinov2,1,1345,NaN,dog,dog,NaN,n02093256_00033683.png
dinov2,1,1346,NaN,dog,dog,NaN,n02093256_00035952.png
dinov2,1,1347,NaN,dog,dog,NaN,n02093256_00049485.png
dinov2,1,1348,NaN,dog,dog,NaN,n02093428_00008303.png
dinov2,1,1349,NaN,dog,dog,NaN,n02093428_00008760.png
dinov2,1,1350,NaN,dog,dog,NaN,n02093428_00010627.png
dinov2,1,1351,NaN,dog,dog,NaN,n02093428_00014719.png
dinov2,1,1352,NaN,dog,dog,NaN,n02093428_00017823.png
dinov2,1,1353,NaN,dog,dog,NaN,n02093428_00019759.png
dinov2,1,1354,NaN,dog,dog,NaN,n02093428_00021229.png
dinov2,1,1355,NaN,dog,dog,NaN,n02093428_00043007.png
dinov2,1,1356,NaN,dog,dog,NaN,n02093647_00003269.png
dinov2,1,1357,NaN,dog,dog,NaN,n02093647_00004060.png
dinov2,1,1358,NaN,dog,dog,NaN,n02093647_00005189.png
dinov2,1,1359,NaN,dog,dog,NaN,n02093647_00023179.png
dinov2,1,1360,NaN,dog,dog,NaN,n02093647_00024072.png
dinov2,1,1361,NaN,dog,dog,NaN,n02093647_00026808.png
dinov2,1,1362,NaN,dog,dog,NaN,n02093647_00031025.png
dinov2,1,1363,NaN,dog,dog,NaN,n02093647_00034155.png
dinov2,1,1364,NaN,dog,dog,NaN,n02093647_00035940.png
dinov2,1,1365,NaN,dog,dog,NaN,n02093647_00037459.png
dinov2,1,1366,NaN,dog,dog,NaN,n02093647_00046657.png
dinov2,1,1367,NaN,dog,dog,NaN,n02093754_00003267.png
dinov2,1,1368,NaN,dog,dog,NaN,n02093754_00003616.png
dinov2,1,1369,NaN,dog,dog,NaN,n02093754_00004186.png
dinov2,1,1370,NaN,dog,dog,NaN,n02093754_00004374.png
dinov2,1,1371,NaN,dog,dog,NaN,n02093754_00012605.png
dinov2,1,1372,NaN,dog,dog,NaN,n02093754_00014225.png
dinov2,1,1373,NaN,dog,dog,NaN,n02093754_00014730.png
dinov2,1,1374,NaN,dog,dog,NaN,n02093754_00017227.png
dinov2,1,1375,NaN,dog,dog,NaN,n02093754_00024566.png
dinov2,1,1376,NaN,dog,dog,NaN,n02093754_00027805.png
dinov2,1,1377,NaN,dog,dog,NaN,n02093754_00030770.png
dinov2,1,1378,NaN,dog,dog,NaN,n02093754_00034737.png
dinov2,1,1379,NaN,dog,dog,NaN,n02093754_00043199.png
dinov2,1,1380,NaN,dog,dog,NaN,n02093754_00046739.png
dinov2,1,1381,NaN,dog,dog,NaN,n02093859_00002687.png
dinov2,1,1382,NaN,dog,dog,NaN,n02093859_00007109.png
dinov2,1,1383,NaN,dog,dog,NaN,n02093859_00010356.png
dinov2,1,1384,NaN,dog,dog,NaN,n02093859_00022934.png
dinov2,1,1385,NaN,dog,dog,NaN,n02093859_00027743.png
dinov2,1,1386,NaN,dog,dog,NaN,n02093859_00029435.png
dinov2,1,1387,NaN,dog,dog,NaN,n02093859_00035933.png
dinov2,1,1388,NaN,dog,dog,NaN,n02093859_00037440.png
dinov2,1,1389,NaN,dog,dog,NaN,n02093859_00040743.png
dinov2,1,1390,NaN,dog,dog,NaN,n02093859_00041776.png
dinov2,1,1391,NaN,dog,dog,NaN,n02093859_00045674.png
dinov2,1,1392,NaN,dog,dog,NaN,n02093991_00008926.png
dinov2,1,1393,NaN,dog,dog,NaN,n02093991_00010031.png
dinov2,1,1394,NaN,dog,dog,NaN,n02093991_00012395.png
dinov2,1,1395,NaN,dog,dog,NaN,n02093991_00016668.png
dinov2,1,1396,NaN,dog,dog,NaN,n02093991_00021206.png
dinov2,1,1397,NaN,dog,dog,NaN,n02093991_00023515.png
dinov2,1,1398,NaN,dog,dog,NaN,n02093991_00043837.png
dinov2,1,1399,NaN,dog,dog,NaN,n02093991_00045720.png
dinov2,1,1400,NaN,dog,dog,NaN,n02094114_00014810.png
dinov2,1,1401,NaN,dog,dog,NaN,n02094114_00017535.png
dinov2,1,1402,NaN,dog,dog,NaN,n02094114_00020556.png
dinov2,1,1403,NaN,dog,dog,NaN,n02094114_00020681.png
dinov2,1,1404,NaN,dog,dog,NaN,n02094114_00020805.png
dinov2,1,1405,NaN,dog,dog,NaN,n02094114_00020815.png
dinov2,1,1406,NaN,dog,dog,NaN,n02094114_00025679.png
dinov2,1,1407,NaN,dog,dog,NaN,n02094114_00029281.png
dinov2,1,1408,NaN,dog,dog,NaN,n02094114_00031679.png
dinov2,1,1409,NaN,dog,dog,NaN,n02094114_00031981.png
dinov2,1,1410,NaN,dog,dog,NaN,n02094114_00034009.png
dinov2,1,1411,NaN,dog,dog,NaN,n02094114_00041133.png
dinov2,1,1412,NaN,dog,dog,NaN,n02094114_00045352.png
dinov2,1,1413,NaN,dog,dog,NaN,n02094114_00047331.png
dinov2,1,1414,NaN,dog,dog,NaN,n02094114_00049846.png
dinov2,1,1415,NaN,dog,dog,NaN,n02094258_00007906.png
dinov2,1,1416,NaN,dog,dog,NaN,n02094258_00016976.png
dinov2,1,1417,NaN,dog,dog,NaN,n02094258_00030671.png
dinov2,1,1418,NaN,dog,dog,NaN,n02094258_00038457.png
dinov2,1,1419,NaN,dog,dog,NaN,n02094258_00042205.png
dinov2,1,1420,NaN,dog,dog,NaN,n02094433_00003690.png
dinov2,1,1421,NaN,dog,dog,NaN,n02094433_00010584.png
dinov2,1,1422,NaN,dog,dog,NaN,n02094433_00017964.png
dinov2,1,1423,NaN,dog,dog,NaN,n02094433_00018550.png
dinov2,1,1424,NaN,dog,dog,NaN,n02094433_00021892.png
dinov2,1,1425,NaN,dog,dog,NaN,n02094433_00027485.png
dinov2,1,1426,NaN,dog,dog,NaN,n02094433_00029506.png
dinov2,1,1427,NaN,dog,dog,NaN,n02094433_00035302.png
dinov2,1,1428,NaN,dog,dog,NaN,n02094433_00035805.png
dinov2,1,1429,NaN,dog,dog,NaN,n02094433_00040298.png
dinov2,1,1430,NaN,dog,dog,NaN,n02094433_00044743.png
dinov2,1,1431,NaN,dog,dog,NaN,n02094433_00045818.png
dinov2,1,1432,NaN,dog,dog,NaN,n02094433_00047648.png
dinov2,1,1433,NaN,dog,dog,NaN,n02095314_00008441.png
dinov2,1,1434,NaN,dog,dog,NaN,n02095314_00010099.png
dinov2,1,1435,NaN,dog,dog,NaN,n02095314_00010722.png
dinov2,1,1436,NaN,dog,dog,NaN,n02095314_00012515.png
dinov2,1,1437,NaN,dog,dog,NaN,n02095314_00016508.png
dinov2,1,1438,NaN,dog,dog,NaN,n02095314_00028758.png
dinov2,1,1439,NaN,dog,dog,NaN,n02095314_00039505.png
dinov2,1,1440,NaN,dog,dog,NaN,n02095314_00040570.png
dinov2,1,1441,NaN,dog,dog,NaN,n02095314_00045280.png
dinov2,1,1442,NaN,dog,dog,NaN,n02095314_00049364.png
dinov2,1,1443,NaN,dog,dog,NaN,n02095570_00002714.png
dinov2,1,1444,NaN,dog,dog,NaN,n02095570_00007356.png
dinov2,1,1445,NaN,dog,dog,NaN,n02095570_00012026.png
dinov2,1,1446,NaN,dog,dog,NaN,n02095570_00017992.png
dinov2,1,1447,NaN,dog,dog,NaN,n02095570_00028322.png
dinov2,1,1448,NaN,dog,dog,NaN,n02095570_00032581.png
dinov2,1,1449,NaN,dog,dog,NaN,n02095570_00033766.png
dinov2,1,1450,NaN,dog,dog,NaN,n02095570_00040641.png
dinov2,1,1451,NaN,dog,dog,NaN,n02095570_00046670.png
dinov2,1,1452,NaN,dog,dog,NaN,n02095570_00048370.png
dinov2,1,1453,NaN,dog,dog,NaN,n02095889_00004611.png
dinov2,1,1454,NaN,dog,dog,NaN,n02095889_00005687.png
dinov2,1,1455,NaN,dog,dog,NaN,n02095889_00009347.png
dinov2,1,1456,NaN,dog,dog,NaN,n02095889_00017509.png
dinov2,1,1457,NaN,dog,dog,NaN,n02095889_00030377.png
dinov2,1,1458,NaN,dog,dog,NaN,n02095889_00031433.png
dinov2,1,1459,NaN,dog,dog,NaN,n02095889_00039862.png
dinov2,1,1460,NaN,dog,dog,NaN,n02095889_00040335.png
dinov2,1,1461,NaN,dog,dog,NaN,n02095889_00044904.png
dinov2,1,1462,NaN,dog,dog,NaN,n02095889_00048183.png
dinov2,1,1463,NaN,dog,dog,NaN,n02095889_00048955.png
dinov2,1,1464,NaN,dog,dog,NaN,n02096051_00003002.png
dinov2,1,1465,NaN,dog,dog,NaN,n02096051_00005267.png
dinov2,1,1466,NaN,dog,dog,NaN,n02096051_00011394.png
dinov2,1,1467,NaN,dog,dog,NaN,n02096051_00013463.png
dinov2,1,1468,NaN,dog,dog,NaN,n02096051_00020257.png
dinov2,1,1469,NaN,dog,dog,NaN,n02096051_00030199.png
dinov2,1,1470,NaN,dog,dog,NaN,n02096051_00034934.png
dinov2,1,1471,NaN,dog,dog,NaN,n02096051_00035158.png
dinov2,1,1472,NaN,dog,dog,NaN,n02096051_00042855.png
dinov2,1,1473,NaN,dog,dog,NaN,n02096051_00043789.png
dinov2,1,1474,NaN,dog,dog,NaN,n02096294_00018890.png
dinov2,1,1475,NaN,dog,dog,NaN,n02096294_00027492.png
dinov2,1,1476,NaN,dog,dog,NaN,n02096294_00029381.png
dinov2,1,1477,NaN,dog,dog,NaN,n02096294_00031377.png
dinov2,1,1478,NaN,dog,dog,NaN,n02096294_00035381.png
dinov2,1,1479,NaN,dog,dog,NaN,n02096294_00037999.png
dinov2,1,1480,NaN,dog,dog,NaN,n02096294_00042133.png
dinov2,1,1481,NaN,dog,dog,NaN,n02096294_00043474.png
dinov2,1,1482,NaN,dog,dog,NaN,n02096294_00045487.png
dinov2,1,1483,NaN,dog,dog,NaN,n02096437_00001028.png
dinov2,1,1484,NaN,dog,dog,NaN,n02096437_00003380.png
dinov2,1,1485,NaN,dog,dog,NaN,n02096437_00012834.png
dinov2,1,1486,NaN,dog,dog,NaN,n02096437_00013654.png
dinov2,1,1487,NaN,dog,dog,NaN,n02096437_00014058.png
dinov2,1,1488,NaN,dog,dog,NaN,n02096437_00018262.png
dinov2,1,1489,NaN,dog,dog,NaN,n02096437_00022882.png
dinov2,1,1490,NaN,dog,dog,NaN,n02096437_00024766.png
dinov2,1,1491,NaN,dog,dog,NaN,n02096437_00026675.png
dinov2,1,1492,NaN,dog,dog,NaN,n02096437_00030620.png
dinov2,1,1493,NaN,dog,dog,NaN,n02096437_00035260.png
dinov2,1,1494,NaN,dog,dog,NaN,n02096437_00036443.png
dinov2,1,1495,NaN,dog,dog,NaN,n02096437_00044284.png
dinov2,1,1496,NaN,dog,dog,NaN,n02096437_00045661.png
dinov2,1,1497,NaN,dog,dog,NaN,n02096437_00047757.png
dinov2,1,1498,NaN,dog,dog,NaN,n02096585_00005457.png
dinov2,1,1499,NaN,dog,dog,NaN,n02096585_00006314.png
dinov2,1,1500,NaN,dog,dog,NaN,n02096585_00009712.png
dinov2,1,1501,NaN,dog,dog,NaN,n02096585_00010290.png
dinov2,1,1502,NaN,dog,dog,NaN,n02096585_00012196.png
dinov2,1,1503,NaN,dog,dog,NaN,n02096585_00016902.png
dinov2,1,1504,NaN,dog,dog,NaN,n02096585_00019261.png
dinov2,1,1505,NaN,dog,dog,NaN,n02096585_00021754.png
dinov2,1,1506,NaN,dog,dog,NaN,n02096585_00030228.png
dinov2,1,1507,NaN,dog,dog,NaN,n02096585_00030368.png
dinov2,1,1508,NaN,dog,dog,NaN,n02096585_00033268.png
dinov2,1,1509,NaN,dog,dog,NaN,n02096585_00035182.png
dinov2,1,1510,NaN,dog,dog,NaN,n02096585_00036932.png
dinov2,1,1511,NaN,dog,dog,NaN,n02096585_00039408.png
dinov2,1,1512,NaN,dog,dog,NaN,n02096585_00044773.png
dinov2,1,1513,NaN,dog,dog,NaN,n02097047_00008930.png
dinov2,1,1514,NaN,dog,dog,NaN,n02097047_00021485.png
dinov2,1,1515,NaN,dog,dog,NaN,n02097047_00028016.png
dinov2,1,1516,NaN,dog,dog,NaN,n02097047_00030402.png
dinov2,1,1517,NaN,dog,dog,NaN,n02097047_00032277.png
dinov2,1,1518,NaN,dog,dog,NaN,n02097047_00032445.png
dinov2,1,1519,NaN,dog,dog,NaN,n02097047_00034951.png
dinov2,1,1520,NaN,dog,dog,NaN,n02097047_00035480.png
dinov2,1,1521,NaN,dog,dog,NaN,n02097047_00046124.png
dinov2,1,1522,NaN,dog,dog,NaN,n02097130_00002573.png
dinov2,1,1523,NaN,dog,dog,NaN,n02097130_00003758.png
dinov2,1,1524,NaN,dog,dog,NaN,n02097130_00004248.png
dinov2,1,1525,NaN,dog,dog,NaN,n02097130_00004560.png
dinov2,1,1526,NaN,dog,dog,NaN,n02097130_00010563.png
dinov2,1,1527,NaN,dog,dog,NaN,n02097130_00021599.png
dinov2,1,1528,NaN,dog,dog,NaN,n02097130_00040836.png
dinov2,1,1529,NaN,dog,dog,NaN,n02097130_00047585.png
dinov2,1,1530,NaN,dog,dog,NaN,n02097130_00049281.png
dinov2,1,1531,NaN,dog,dog,NaN,n02097209_00000044.png
dinov2,1,1532,NaN,dog,dog,NaN,n02097209_00004287.png
dinov2,1,1533,NaN,dog,dog,NaN,n02097209_00007367.png
dinov2,1,1534,NaN,dog,dog,NaN,n02097209_00015592.png
dinov2,1,1535,NaN,dog,dog,NaN,n02097209_00016642.png
dinov2,1,1536,NaN,dog,dog,NaN,n02097209_00022856.png
dinov2,1,1537,NaN,dog,dog,NaN,n02097209_00024508.png
dinov2,1,1538,NaN,dog,dog,NaN,n02097209_00024888.png
dinov2,1,1539,NaN,dog,dog,NaN,n02097209_00026097.png
dinov2,1,1540,NaN,dog,dog,NaN,n02097209_00028518.png
dinov2,1,1541,NaN,dog,dog,NaN,n02097209_00030213.png
dinov2,1,1542,NaN,dog,dog,NaN,n02097209_00034823.png
dinov2,1,1543,NaN,dog,dog,NaN,n02097209_00036876.png
dinov2,1,1544,NaN,dog,dog,NaN,n02097209_00039008.png
dinov2,1,1545,NaN,dog,dog,NaN,n02097209_00043796.png
dinov2,1,1546,NaN,dog,dog,NaN,n02097298_00000176.png
dinov2,1,1547,NaN,dog,dog,NaN,n02097298_00004549.png
dinov2,1,1548,NaN,dog,dog,NaN,n02097298_00012181.png
dinov2,1,1549,NaN,dog,dog,NaN,n02097298_00012364.png
dinov2,1,1550,NaN,clock,dog,NaN,n02097298_00013243.png
dinov2,1,1551,NaN,dog,dog,NaN,n02097298_00013424.png
dinov2,1,1552,NaN,dog,dog,NaN,n02097298_00014283.png
dinov2,1,1553,NaN,dog,dog,NaN,n02097298_00023055.png
dinov2,1,1554,NaN,dog,dog,NaN,n02097298_00028300.png
dinov2,1,1555,NaN,dog,dog,NaN,n02097298_00028500.png
dinov2,1,1556,NaN,dog,dog,NaN,n02097298_00038174.png
dinov2,1,1557,NaN,dog,dog,NaN,n02097298_00039666.png
dinov2,1,1558,NaN,dog,dog,NaN,n02097474_00003485.png
dinov2,1,1559,NaN,dog,dog,NaN,n02097474_00004358.png
dinov2,1,1560,NaN,dog,dog,NaN,n02097474_00008000.png
dinov2,1,1561,NaN,dog,dog,NaN,n02097474_00016076.png
dinov2,1,1562,NaN,dog,dog,NaN,n02097474_00025261.png
dinov2,1,1563,NaN,dog,dog,NaN,n02097474_00038580.png
dinov2,1,1564,NaN,dog,dog,NaN,n02097474_00039711.png
dinov2,1,1565,NaN,dog,dog,NaN,n02097474_00043598.png
dinov2,1,1566,NaN,dog,dog,NaN,n02097658_00000105.png
dinov2,1,1567,NaN,dog,dog,NaN,n02097658_00004744.png
dinov2,1,1568,NaN,dog,dog,NaN,n02097658_00005174.png
dinov2,1,1569,NaN,dog,dog,NaN,n02097658_00029652.png
dinov2,1,1570,NaN,dog,dog,NaN,n02097658_00033775.png
dinov2,1,1571,NaN,dog,dog,NaN,n02097658_00044231.png
dinov2,1,1572,NaN,dog,dog,NaN,n02098105_00000748.png
dinov2,1,1573,NaN,dog,dog,NaN,n02098105_00007366.png
dinov2,1,1574,NaN,dog,dog,NaN,n02098105_00008201.png
dinov2,1,1575,NaN,dog,dog,NaN,n02098105_00016567.png
dinov2,1,1576,NaN,dog,dog,NaN,n02098105_00025970.png
dinov2,1,1577,NaN,dog,dog,NaN,n02098105_00028052.png
dinov2,1,1578,NaN,dog,dog,NaN,n02098105_00042628.png
dinov2,1,1579,NaN,dog,dog,NaN,n02098105_00048783.png
dinov2,1,1580,NaN,dog,dog,NaN,n02098286_00003276.png
dinov2,1,1581,NaN,dog,dog,NaN,n02098286_00008945.png
dinov2,1,1582,NaN,dog,dog,NaN,n02098286_00010169.png
dinov2,1,1583,NaN,dog,dog,NaN,n02098286_00024935.png
dinov2,1,1584,NaN,dog,dog,NaN,n02098286_00027017.png
dinov2,1,1585,NaN,dog,dog,NaN,n02098286_00028892.png
dinov2,1,1586,NaN,dog,dog,NaN,n02098286_00030831.png
dinov2,1,1587,NaN,dog,dog,NaN,n02098286_00030961.png
dinov2,1,1588,NaN,dog,dog,NaN,n02098286_00034049.png
dinov2,1,1589,NaN,dog,dog,NaN,n02098286_00035944.png
dinov2,1,1590,NaN,dog,dog,NaN,n02098286_00039146.png
dinov2,1,1591,NaN,dog,dog,NaN,n02098286_00039699.png
dinov2,1,1592,NaN,dog,dog,NaN,n02098286_00041358.png
dinov2,1,1593,NaN,dog,dog,NaN,n02098286_00043827.png
dinov2,1,1594,NaN,dog,dog,NaN,n02098286_00044593.png
dinov2,1,1595,NaN,dog,dog,NaN,n02099267_00002764.png
dinov2,1,1596,NaN,dog,dog,NaN,n02099267_00005493.png
dinov2,1,1597,NaN,dog,dog,NaN,n02099267_00009505.png
dinov2,1,1598,NaN,dog,dog,NaN,n02099267_00014636.png
dinov2,1,1599,NaN,dog,dog,NaN,n02099267_00015189.png
dinov2,1,1600,NaN,dog,dog,NaN,n02099267_00017321.png
dinov2,1,1601,NaN,dog,dog,NaN,n02099267_00026797.png
dinov2,1,1602,NaN,dog,dog,NaN,n02099267_00027373.png
dinov2,1,1603,NaN,dog,dog,NaN,n02099267_00030579.png
dinov2,1,1604,NaN,dog,dog,NaN,n02099267_00030810.png
dinov2,1,1605,NaN,dog,dog,NaN,n02099267_00030939.png
dinov2,1,1606,NaN,dog,dog,NaN,n02099267_00034070.png
dinov2,1,1607,NaN,dog,dog,NaN,n02099267_00035794.png
dinov2,1,1608,NaN,dog,dog,NaN,n02099267_00035881.png
dinov2,1,1609,NaN,dog,dog,NaN,n02099267_00038434.png
dinov2,1,1610,NaN,dog,dog,NaN,n02099267_00039504.png
dinov2,1,1611,NaN,dog,dog,NaN,n02099267_00039543.png
dinov2,1,1612,NaN,dog,dog,NaN,n02099267_00043050.png
dinov2,1,1613,NaN,dog,dog,NaN,n02099267_00044348.png
dinov2,1,1614,NaN,dog,dog,NaN,n02099267_00044639.png
dinov2,1,1615,NaN,dog,dog,NaN,n02099429_00008966.png
dinov2,1,1616,NaN,dog,dog,NaN,n02099429_00012952.png
dinov2,1,1617,NaN,dog,dog,NaN,n02099429_00015349.png
dinov2,1,1618,NaN,dog,dog,NaN,n02099429_00018862.png
dinov2,1,1619,NaN,dog,dog,NaN,n02099429_00023634.png
dinov2,1,1620,NaN,dog,dog,NaN,n02099429_00027322.png
dinov2,1,1621,NaN,dog,dog,NaN,n02099429_00031415.png
dinov2,1,1622,NaN,clock,dog,NaN,n02099429_00032264.png
dinov2,1,1623,NaN,dog,dog,NaN,n02099429_00039794.png
dinov2,1,1624,NaN,dog,dog,NaN,n02099429_00040055.png
dinov2,1,1625,NaN,dog,dog,NaN,n02099429_00048032.png
dinov2,1,1626,NaN,dog,dog,NaN,n02099601_00000224.png
dinov2,1,1627,NaN,dog,dog,NaN,n02099601_00004995.png
dinov2,1,1628,NaN,dog,dog,NaN,n02099601_00020367.png
dinov2,1,1629,NaN,dog,dog,NaN,n02099601_00023666.png
dinov2,1,1630,NaN,dog,dog,NaN,n02099601_00024691.png
dinov2,1,1631,NaN,dog,dog,NaN,n02099601_00027833.png
dinov2,1,1632,NaN,dog,dog,NaN,n02099601_00029751.png
dinov2,1,1633,NaN,dog,dog,NaN,n02099601_00033790.png
dinov2,1,1634,NaN,dog,dog,NaN,n02099601_00034237.png
dinov2,1,1635,NaN,dog,dog,NaN,n02099601_00039863.png
dinov2,1,1636,NaN,dog,dog,NaN,n02099601_00040040.png
dinov2,1,1637,NaN,dog,dog,NaN,n02099601_00043013.png
dinov2,1,1638,NaN,dog,dog,NaN,n02099601_00046220.png
dinov2,1,1639,NaN,dog,dog,NaN,n02099712_00003726.png
dinov2,1,1640,NaN,dog,dog,NaN,n02099712_00007963.png
dinov2,1,1641,NaN,dog,dog,NaN,n02099712_00009984.png
dinov2,1,1642,NaN,dog,dog,NaN,n02099712_00012566.png
dinov2,1,1643,NaN,dog,dog,NaN,n02099712_00014270.png
dinov2,1,1644,NaN,dog,dog,NaN,n02099712_00018947.png
dinov2,1,1645,NaN,dog,dog,NaN,n02099712_00022670.png
dinov2,1,1646,NaN,dog,dog,NaN,n02099712_00030637.png
dinov2,1,1647,NaN,dog,dog,NaN,n02099712_00035360.png
dinov2,1,1648,NaN,dog,dog,NaN,n02099712_00043072.png
dinov2,1,1649,NaN,dog,dog,NaN,n02099712_00043089.png
dinov2,1,1650,NaN,dog,dog,NaN,n02099712_00044701.png
dinov2,1,1651,NaN,dog,dog,NaN,n02099712_00046817.png
dinov2,1,1652,NaN,dog,dog,NaN,n02099712_00049959.png
dinov2,1,1653,NaN,dog,dog,NaN,n02099849_00009335.png
dinov2,1,1654,NaN,dog,dog,NaN,n02099849_00010309.png
dinov2,1,1655,NaN,dog,dog,NaN,n02099849_00011423.png
dinov2,1,1656,NaN,dog,dog,NaN,n02099849_00017132.png
dinov2,1,1657,NaN,dog,dog,NaN,n02099849_00023943.png
dinov2,1,1658,NaN,dog,dog,NaN,n02099849_00034849.png
dinov2,1,1659,NaN,dog,dog,NaN,n02099849_00035719.png
dinov2,1,1660,NaN,dog,dog,NaN,n02099849_00042319.png
dinov2,1,1661,NaN,dog,dog,NaN,n02100236_00011682.png
dinov2,1,1662,NaN,dog,dog,NaN,n02100236_00016029.png
dinov2,1,1663,NaN,dog,dog,NaN,n02100236_00017442.png
dinov2,1,1664,NaN,dog,dog,NaN,n02100236_00017711.png
dinov2,1,1665,NaN,dog,dog,NaN,n02100236_00020965.png
dinov2,1,1666,NaN,dog,dog,NaN,n02100236_00023577.png
dinov2,1,1667,NaN,dog,dog,NaN,n02100236_00024275.png
dinov2,1,1668,NaN,dog,dog,NaN,n02100236_00031655.png
dinov2,1,1669,NaN,dog,dog,NaN,n02100236_00042030.png
dinov2,1,1670,NaN,dog,dog,NaN,n02100236_00043413.png
dinov2,1,1671,NaN,dog,dog,NaN,n02100236_00048488.png
dinov2,1,1672,NaN,dog,dog,NaN,n02100236_00048834.png
dinov2,1,1673,NaN,dog,dog,NaN,n02100583_00010956.png
dinov2,1,1674,NaN,dog,dog,NaN,n02100583_00013094.png
dinov2,1,1675,NaN,dog,dog,NaN,n02100583_00013251.png
dinov2,1,1676,NaN,dog,dog,NaN,n02100583_00013971.png
dinov2,1,1677,NaN,clock,dog,NaN,n02100583_00020489.png
dinov2,1,1678,NaN,dog,dog,NaN,n02100583_00021355.png
dinov2,1,1679,NaN,dog,dog,NaN,n02100583_00021365.png
dinov2,1,1680,NaN,dog,dog,NaN,n02100583_00024470.png
dinov2,1,1681,NaN,dog,dog,NaN,n02100583_00025147.png
dinov2,1,1682,NaN,dog,dog,NaN,n02100583_00026242.png
dinov2,1,1683,NaN,dog,dog,NaN,n02100583_00041393.png
dinov2,1,1684,NaN,dog,dog,NaN,n02100583_00042184.png
dinov2,1,1685,NaN,dog,dog,NaN,n02100583_00043672.png
dinov2,1,1686,NaN,dog,dog,NaN,n02100583_00045930.png
dinov2,1,1687,NaN,dog,dog,NaN,n02100735_00002297.png
dinov2,1,1688,NaN,dog,dog,NaN,n02100735_00002878.png
dinov2,1,1689,NaN,dog,dog,NaN,n02100735_00008349.png
dinov2,1,1690,NaN,dog,dog,NaN,n02100735_00011024.png
dinov2,1,1691,NaN,dog,dog,NaN,n02100735_00014446.png
dinov2,1,1692,NaN,dog,dog,NaN,n02100735_00014963.png
dinov2,1,1693,NaN,dog,dog,NaN,n02100735_00025726.png
dinov2,1,1694,NaN,dog,dog,NaN,n02100735_00046206.png
dinov2,1,1695,NaN,dog,dog,NaN,n02100735_00049965.png
dinov2,1,1696,NaN,dog,dog,NaN,n02100877_00007595.png
dinov2,1,1697,NaN,dog,dog,NaN,n02100877_00008282.png
dinov2,1,1698,NaN,dog,dog,NaN,n02100877_00016411.png
dinov2,1,1699,NaN,dog,dog,NaN,n02100877_00020737.png
dinov2,1,1700,NaN,dog,dog,NaN,n02100877_00022324.png
dinov2,1,1701,NaN,dog,dog,NaN,n02100877_00022341.png
dinov2,1,1702,NaN,bear,dog,NaN,n02100877_00023533.png
dinov2,1,1703,NaN,dog,dog,NaN,n02100877_00023832.png
dinov2,1,1704,NaN,dog,dog,NaN,n02100877_00025479.png
dinov2,1,1705,NaN,dog,dog,NaN,n02100877_00029353.png
dinov2,1,1706,NaN,dog,dog,NaN,n02100877_00030196.png
dinov2,1,1707,NaN,dog,dog,NaN,n02100877_00034110.png
dinov2,1,1708,NaN,dog,dog,NaN,n02100877_00045363.png
dinov2,1,1709,NaN,dog,dog,NaN,n02101006_00004657.png
dinov2,1,1710,NaN,dog,dog,NaN,n02101006_00004885.png
dinov2,1,1711,NaN,dog,dog,NaN,n02101006_00005258.png
dinov2,1,1712,NaN,dog,dog,NaN,n02101006_00014745.png
dinov2,1,1713,NaN,dog,dog,NaN,n02101006_00015307.png
dinov2,1,1714,NaN,dog,dog,NaN,n02101006_00017937.png
dinov2,1,1715,NaN,dog,dog,NaN,n02101006_00019821.png
dinov2,1,1716,NaN,dog,dog,NaN,n02101006_00027899.png
dinov2,1,1717,NaN,dog,dog,NaN,n02101006_00030087.png
dinov2,1,1718,NaN,dog,dog,NaN,n02101006_00047325.png
dinov2,1,1719,NaN,dog,dog,NaN,n02101388_00010354.png
dinov2,1,1720,NaN,dog,dog,NaN,n02101388_00015116.png
dinov2,1,1721,NaN,dog,dog,NaN,n02101388_00017676.png
dinov2,1,1722,NaN,dog,dog,NaN,n02101388_00020766.png
dinov2,1,1723,NaN,dog,dog,NaN,n02101388_00022344.png
dinov2,1,1724,NaN,dog,dog,NaN,n02101388_00023362.png
dinov2,1,1725,NaN,dog,dog,NaN,n02101388_00024686.png
dinov2,1,1726,NaN,dog,dog,NaN,n02101388_00029406.png
dinov2,1,1727,NaN,dog,dog,NaN,n02101388_00030291.png
dinov2,1,1728,NaN,clock,dog,NaN,n02101388_00031599.png
dinov2,1,1729,NaN,dog,dog,NaN,n02101388_00041987.png
dinov2,1,1730,NaN,dog,dog,NaN,n02101388_00043880.png
dinov2,1,1731,NaN,dog,dog,NaN,n02101556_00001223.png
dinov2,1,1732,NaN,dog,dog,NaN,n02101556_00008944.png
dinov2,1,1733,NaN,dog,dog,NaN,n02101556_00018827.png
dinov2,1,1734,NaN,dog,dog,NaN,n02101556_00025471.png
dinov2,1,1735,NaN,dog,dog,NaN,n02101556_00025551.png
dinov2,1,1736,NaN,dog,dog,NaN,n02101556_00030540.png
dinov2,1,1737,NaN,dog,dog,NaN,n02101556_00030747.png
dinov2,1,1738,NaN,dog,dog,NaN,n02101556_00031411.png
dinov2,1,1739,NaN,dog,dog,NaN,n02101556_00031640.png
dinov2,1,1740,NaN,dog,dog,NaN,n02101556_00036977.png
dinov2,1,1741,NaN,dog,dog,NaN,n02101556_00040291.png
dinov2,1,1742,NaN,dog,dog,NaN,n02101556_00044059.png
dinov2,1,1743,NaN,dog,dog,NaN,n02101556_00048439.png
dinov2,1,1744,NaN,dog,dog,NaN,n02102040_00005842.png
dinov2,1,1745,NaN,dog,dog,NaN,n02102040_00007032.png
dinov2,1,1746,NaN,clock,dog,NaN,n02102040_00024246.png
dinov2,1,1747,NaN,dog,dog,NaN,n02102040_00026266.png
dinov2,1,1748,NaN,dog,dog,NaN,n02102040_00026521.png
dinov2,1,1749,NaN,dog,dog,NaN,n02102040_00027182.png
dinov2,1,1750,NaN,dog,dog,NaN,n02102040_00032959.png
dinov2,1,1751,NaN,dog,dog,NaN,n02102040_00040140.png
dinov2,1,1752,NaN,dog,dog,NaN,n02102040_00040546.png
dinov2,1,1753,NaN,dog,dog,NaN,n02102040_00043994.png
dinov2,1,1754,NaN,dog,dog,NaN,n02102040_00044718.png
dinov2,1,1755,NaN,dog,dog,NaN,n02102040_00049218.png
dinov2,1,1756,NaN,dog,dog,NaN,n02102040_00049523.png
dinov2,1,1757,NaN,dog,dog,NaN,n02102177_00002298.png
dinov2,1,1758,NaN,dog,dog,NaN,n02102177_00006630.png
dinov2,1,1759,NaN,dog,dog,NaN,n02102177_00006947.png
dinov2,1,1760,NaN,dog,dog,NaN,n02102177_00007927.png
dinov2,1,1761,NaN,dog,dog,NaN,n02102177_00012288.png
dinov2,1,1762,NaN,dog,dog,NaN,n02102177_00015176.png
dinov2,1,1763,NaN,dog,dog,NaN,n02102177_00018942.png
dinov2,1,1764,NaN,dog,dog,NaN,n02102177_00022501.png
dinov2,1,1765,NaN,dog,dog,NaN,n02102177_00024715.png
dinov2,1,1766,NaN,dog,dog,NaN,n02102177_00025869.png
dinov2,1,1767,NaN,dog,dog,NaN,n02102177_00035321.png
dinov2,1,1768,NaN,dog,dog,NaN,n02102177_00047049.png
dinov2,1,1769,NaN,dog,dog,NaN,n02102177_00048513.png
dinov2,1,1770,NaN,dog,dog,NaN,n02102177_00048761.png
dinov2,1,1771,NaN,dog,dog,NaN,n02102177_00049642.png
dinov2,1,1772,NaN,dog,dog,NaN,n02102318_00002097.png
dinov2,1,1773,NaN,dog,dog,NaN,n02102318_00015205.png
dinov2,1,1774,NaN,dog,dog,NaN,n02102318_00027963.png
dinov2,1,1775,NaN,dog,dog,NaN,n02102318_00028292.png
dinov2,1,1776,NaN,dog,dog,NaN,n02102318_00028661.png
dinov2,1,1777,NaN,dog,dog,NaN,n02102318_00034933.png
dinov2,1,1778,NaN,dog,dog,NaN,n02102318_00035319.png
dinov2,1,1779,NaN,dog,dog,NaN,n02102318_00040400.png
dinov2,1,1780,NaN,dog,dog,NaN,n02102318_00041928.png
dinov2,1,1781,NaN,dog,dog,NaN,n02102318_00041998.png
dinov2,1,1782,NaN,dog,dog,NaN,n02102480_00001414.png
dinov2,1,1783,NaN,dog,dog,NaN,n02102480_00004185.png
dinov2,1,1784,NaN,dog,dog,NaN,n02102480_00007430.png
dinov2,1,1785,NaN,dog,dog,NaN,n02102480_00008148.png
dinov2,1,1786,NaN,dog,dog,NaN,n02102480_00008713.png
dinov2,1,1787,NaN,dog,dog,NaN,n02102480_00013126.png
dinov2,1,1788,NaN,dog,dog,NaN,n02102480_00013762.png
dinov2,1,1789,NaN,dog,dog,NaN,n02102480_00017499.png
dinov2,1,1790,NaN,dog,dog,NaN,n02102480_00023012.png
dinov2,1,1791,NaN,dog,dog,NaN,n02102480_00025066.png
dinov2,1,1792,NaN,dog,dog,NaN,n02102480_00045044.png
dinov2,1,1793,NaN,dog,dog,NaN,n02102973_00001693.png
dinov2,1,1794,NaN,dog,dog,NaN,n02102973_00002416.png
dinov2,1,1795,NaN,dog,dog,NaN,n02102973_00003832.png
dinov2,1,1796,NaN,dog,dog,NaN,n02102973_00004097.png
dinov2,1,1797,NaN,dog,dog,NaN,n02102973_00013563.png
dinov2,1,1798,NaN,dog,dog,NaN,n02102973_00020128.png
dinov2,1,1799,NaN,dog,dog,NaN,n02102973_00023346.png
dinov2,1,1800,NaN,dog,dog,NaN,n02102973_00025353.png
dinov2,1,1801,NaN,dog,dog,NaN,n02102973_00030527.png
dinov2,1,1802,NaN,dog,dog,NaN,n02102973_00034804.png
dinov2,1,1803,NaN,dog,dog,NaN,n02102973_00036140.png
dinov2,1,1804,NaN,dog,dog,NaN,n02102973_00049189.png
dinov2,1,1805,NaN,dog,dog,NaN,n02104029_00006336.png
dinov2,1,1806,NaN,dog,dog,NaN,n02104029_00012318.png
dinov2,1,1807,NaN,dog,dog,NaN,n02104029_00021642.png
dinov2,1,1808,NaN,dog,dog,NaN,n02104029_00024533.png
dinov2,1,1809,NaN,dog,dog,NaN,n02104029_00025006.png
dinov2,1,1810,NaN,dog,dog,NaN,n02104029_00027086.png
dinov2,1,1811,NaN,dog,dog,NaN,n02104029_00028605.png
dinov2,1,1812,NaN,dog,dog,NaN,n02104029_00045598.png
dinov2,1,1813,NaN,dog,dog,NaN,n02104365_00012773.png
dinov2,1,1814,NaN,dog,dog,NaN,n02104365_00012817.png
dinov2,1,1815,NaN,dog,dog,NaN,n02104365_00014101.png
dinov2,1,1816,NaN,dog,dog,NaN,n02104365_00019219.png
dinov2,1,1817,NaN,dog,dog,NaN,n02104365_00021540.png
dinov2,1,1818,NaN,dog,dog,NaN,n02104365_00026956.png
dinov2,1,1819,NaN,dog,dog,NaN,n02104365_00037330.png
dinov2,1,1820,NaN,dog,dog,NaN,n02104365_00046683.png
dinov2,1,1821,NaN,dog,dog,NaN,n02104365_00046795.png
dinov2,1,1822,NaN,dog,dog,NaN,n02105056_00007235.png
dinov2,1,1823,NaN,dog,dog,NaN,n02105056_00011573.png
dinov2,1,1824,NaN,dog,dog,NaN,n02105056_00016420.png
dinov2,1,1825,NaN,dog,dog,NaN,n02105056_00017117.png
dinov2,1,1826,NaN,dog,dog,NaN,n02105056_00017554.png
dinov2,1,1827,NaN,dog,dog,NaN,n02105056_00028966.png
dinov2,1,1828,NaN,dog,dog,NaN,n02105056_00039696.png
dinov2,1,1829,NaN,dog,dog,NaN,n02105056_00041991.png
dinov2,1,1830,NaN,dog,dog,NaN,n02105056_00042418.png
dinov2,1,1831,NaN,dog,dog,NaN,n02105056_00048051.png
dinov2,1,1832,NaN,dog,dog,NaN,n02105162_00005984.png
dinov2,1,1833,NaN,dog,dog,NaN,n02105162_00008923.png
dinov2,1,1834,NaN,dog,dog,NaN,n02105162_00021991.png
dinov2,1,1835,NaN,dog,dog,NaN,n02105162_00023289.png
dinov2,1,1836,NaN,dog,dog,NaN,n02105162_00025720.png
dinov2,1,1837,NaN,dog,dog,NaN,n02105162_00027780.png
dinov2,1,1838,NaN,dog,dog,NaN,n02105162_00027807.png
dinov2,1,1839,NaN,dog,dog,NaN,n02105162_00030239.png
dinov2,1,1840,NaN,dog,dog,NaN,n02105162_00030963.png
dinov2,1,1841,NaN,dog,dog,NaN,n02105162_00037083.png
dinov2,1,1842,NaN,dog,dog,NaN,n02105162_00038991.png
dinov2,1,1843,NaN,dog,dog,NaN,n02105162_00046759.png
dinov2,1,1844,NaN,dog,dog,NaN,n02105251_00007452.png
dinov2,1,1845,NaN,dog,dog,NaN,n02105251_00017473.png
dinov2,1,1846,NaN,dog,dog,NaN,n02105251_00021946.png
dinov2,1,1847,NaN,dog,dog,NaN,n02105251_00025394.png
dinov2,1,1848,NaN,dog,dog,NaN,n02105251_00026208.png
dinov2,1,1849,NaN,dog,dog,NaN,n02105251_00037103.png
dinov2,1,1850,NaN,dog,dog,NaN,n02105251_00040386.png
dinov2,1,1851,NaN,dog,dog,NaN,n02105251_00044135.png
dinov2,1,1852,NaN,dog,dog,NaN,n02105505_00003152.png
dinov2,1,1853,NaN,dog,dog,NaN,n02105505_00008044.png
dinov2,1,1854,NaN,dog,dog,NaN,n02105505_00008217.png
dinov2,1,1855,NaN,dog,dog,NaN,n02105505_00008939.png
dinov2,1,1856,NaN,dog,dog,NaN,n02105505_00010945.png
dinov2,1,1857,NaN,dog,dog,NaN,n02105505_00032738.png
dinov2,1,1858,NaN,dog,dog,NaN,n02105505_00037907.png
dinov2,1,1859,NaN,dog,dog,NaN,n02105505_00041147.png
dinov2,1,1860,NaN,dog,dog,NaN,n02105505_00043538.png
dinov2,1,1861,NaN,dog,dog,NaN,n02105505_00046836.png
dinov2,1,1862,NaN,dog,dog,NaN,n02105505_00048964.png
dinov2,1,1863,NaN,dog,dog,NaN,n02105641_00003413.png
dinov2,1,1864,NaN,dog,dog,NaN,n02105641_00005390.png
dinov2,1,1865,NaN,dog,dog,NaN,n02105641_00009707.png
dinov2,1,1866,NaN,dog,dog,NaN,n02105641_00009784.png
dinov2,1,1867,NaN,dog,dog,NaN,n02105641_00022259.png
dinov2,1,1868,NaN,dog,dog,NaN,n02105641_00028477.png
dinov2,1,1869,NaN,dog,dog,NaN,n02105641_00043008.png
dinov2,1,1870,NaN,clock,dog,NaN,n02105855_00021249.png
dinov2,1,1871,NaN,dog,dog,NaN,n02105855_00024677.png
dinov2,1,1872,NaN,dog,dog,NaN,n02105855_00027579.png
dinov2,1,1873,NaN,dog,dog,NaN,n02105855_00031994.png
dinov2,1,1874,NaN,dog,dog,NaN,n02105855_00038326.png
dinov2,1,1875,NaN,dog,dog,NaN,n02105855_00041339.png
dinov2,1,1876,NaN,dog,dog,NaN,n02105855_00045718.png
dinov2,1,1877,NaN,dog,dog,NaN,n02106030_00003196.png
dinov2,1,1878,NaN,dog,dog,NaN,n02106030_00006114.png
dinov2,1,1879,NaN,dog,dog,NaN,n02106030_00019134.png
dinov2,1,1880,NaN,dog,dog,NaN,n02106030_00027165.png
dinov2,1,1881,NaN,dog,dog,NaN,n02106030_00032064.png
dinov2,1,1882,NaN,dog,dog,NaN,n02106030_00036097.png
dinov2,1,1883,NaN,dog,dog,NaN,n02106030_00036371.png
dinov2,1,1884,NaN,dog,dog,NaN,n02106030_00036543.png
dinov2,1,1885,NaN,dog,dog,NaN,n02106030_00038789.png
dinov2,1,1886,NaN,dog,dog,NaN,n02106166_00003734.png
dinov2,1,1887,NaN,dog,dog,NaN,n02106166_00013583.png
dinov2,1,1888,NaN,dog,dog,NaN,n02106166_00014471.png
dinov2,1,1889,NaN,dog,dog,NaN,n02106166_00016263.png
dinov2,1,1890,NaN,dog,dog,NaN,n02106166_00017551.png
dinov2,1,1891,NaN,dog,dog,NaN,n02106166_00026278.png
dinov2,1,1892,NaN,dog,dog,NaN,n02106166_00026448.png
dinov2,1,1893,NaN,dog,dog,NaN,n02106166_00027583.png
dinov2,1,1894,NaN,dog,dog,NaN,n02106166_00028674.png
dinov2,1,1895,NaN,dog,dog,NaN,n02106166_00034069.png
dinov2,1,1896,NaN,dog,dog,NaN,n02106166_00034821.png
dinov2,1,1897,NaN,dog,dog,NaN,n02106166_00040015.png
dinov2,1,1898,NaN,clock,dog,NaN,n02106166_00040725.png
dinov2,1,1899,NaN,dog,dog,NaN,n02106166_00041929.png
dinov2,1,1900,NaN,dog,dog,NaN,n02106166_00044548.png
dinov2,1,1901,NaN,dog,dog,NaN,n02106382_00007165.png
dinov2,1,1902,NaN,bear,dog,NaN,n02106382_00010765.png
dinov2,1,1903,NaN,dog,dog,NaN,n02106382_00015685.png
dinov2,1,1904,NaN,dog,dog,NaN,n02106382_00016409.png
dinov2,1,1905,NaN,dog,dog,NaN,n02106382_00019671.png
dinov2,1,1906,NaN,dog,dog,NaN,n02106382_00032290.png
dinov2,1,1907,NaN,dog,dog,NaN,n02106382_00037396.png
dinov2,1,1908,NaN,dog,dog,NaN,n02106550_00003623.png
dinov2,1,1909,NaN,dog,dog,NaN,n02106550_00012085.png
dinov2,1,1910,NaN,dog,dog,NaN,n02106550_00013447.png
dinov2,1,1911,NaN,dog,dog,NaN,n02106550_00014320.png
dinov2,1,1912,NaN,dog,dog,NaN,n02106550_00018357.png
dinov2,1,1913,NaN,dog,dog,NaN,n02106550_00019120.png
dinov2,1,1914,NaN,dog,dog,NaN,n02106550_00019518.png
dinov2,1,1915,NaN,dog,dog,NaN,n02106550_00033531.png
dinov2,1,1916,NaN,dog,dog,NaN,n02106550_00034771.png
dinov2,1,1917,NaN,dog,dog,NaN,n02106550_00038205.png
dinov2,1,1918,NaN,dog,dog,NaN,n02106550_00039235.png
dinov2,1,1919,NaN,dog,dog,NaN,n02106550_00041700.png
dinov2,1,1920,NaN,dog,dog,NaN,n02106550_00045096.png
dinov2,1,1921,NaN,dog,dog,NaN,n02106550_00045446.png
dinov2,1,1922,NaN,dog,dog,NaN,n02106662_00004538.png
dinov2,1,1923,NaN,dog,dog,NaN,n02106662_00005662.png
dinov2,1,1924,NaN,dog,dog,NaN,n02106662_00007740.png
dinov2,1,1925,NaN,dog,dog,NaN,n02106662_00009534.png
dinov2,1,1926,NaN,dog,dog,NaN,n02106662_00011593.png
dinov2,1,1927,NaN,dog,dog,NaN,n02106662_00011989.png
dinov2,1,1928,NaN,dog,dog,NaN,n02106662_00012924.png
dinov2,1,1929,NaN,dog,dog,NaN,n02106662_00013467.png
dinov2,1,1930,NaN,dog,dog,NaN,n02106662_00014360.png
dinov2,1,1931,NaN,dog,dog,NaN,n02106662_00027763.png
dinov2,1,1932,NaN,dog,dog,NaN,n02106662_00028009.png
dinov2,1,1933,NaN,dog,dog,NaN,n02106662_00031135.png
dinov2,1,1934,NaN,dog,dog,NaN,n02106662_00031857.png
dinov2,1,1935,NaN,dog,dog,NaN,n02106662_00034224.png
dinov2,1,1936,NaN,dog,dog,NaN,n02107142_00005242.png
dinov2,1,1937,NaN,dog,dog,NaN,n02107142_00006586.png
dinov2,1,1938,NaN,dog,dog,NaN,n02107142_00015701.png
dinov2,1,1939,NaN,dog,dog,NaN,n02107142_00016451.png
dinov2,1,1940,NaN,dog,dog,NaN,n02107142_00021052.png
dinov2,1,1941,NaN,dog,dog,NaN,n02107142_00021155.png
dinov2,1,1942,NaN,dog,dog,NaN,n02107142_00030097.png
dinov2,1,1943,NaN,dog,dog,NaN,n02107142_00030698.png
dinov2,1,1944,NaN,clock,dog,NaN,n02107142_00031139.png
dinov2,1,1945,NaN,dog,dog,NaN,n02107142_00033067.png
dinov2,1,1946,NaN,dog,dog,NaN,n02107142_00036453.png
dinov2,1,1947,NaN,dog,dog,NaN,n02107142_00038498.png
dinov2,1,1948,NaN,dog,dog,NaN,n02107142_00043835.png
dinov2,1,1949,NaN,dog,dog,NaN,n02107312_00004325.png
dinov2,1,1950,NaN,dog,dog,NaN,n02107312_00009281.png
dinov2,1,1951,NaN,dog,dog,NaN,n02107312_00010082.png
dinov2,1,1952,NaN,dog,dog,NaN,n02107312_00010372.png
dinov2,1,1953,NaN,dog,dog,NaN,n02107312_00013604.png
dinov2,1,1954,NaN,dog,dog,NaN,n02107312_00016577.png
dinov2,1,1955,NaN,dog,dog,NaN,n02107312_00021934.png
dinov2,1,1956,NaN,dog,dog,NaN,n02107312_00037593.png
dinov2,1,1957,NaN,dog,dog,NaN,n02107312_00041031.png
dinov2,1,1958,NaN,dog,dog,NaN,n02107312_00048723.png
dinov2,1,1959,NaN,dog,dog,NaN,n02107574_00001302.png
dinov2,1,1960,NaN,dog,dog,NaN,n02107574_00002302.png
dinov2,1,1961,NaN,dog,dog,NaN,n02107574_00004569.png
dinov2,1,1962,NaN,dog,dog,NaN,n02107574_00009877.png
dinov2,1,1963,NaN,dog,dog,NaN,n02107574_00019080.png
dinov2,1,1964,NaN,dog,dog,NaN,n02107574_00029946.png
dinov2,1,1965,NaN,dog,dog,NaN,n02107574_00043234.png
dinov2,1,1966,NaN,dog,dog,NaN,n02107574_00043605.png
dinov2,1,1967,NaN,dog,dog,NaN,n02107574_00049285.png
dinov2,1,1968,NaN,dog,dog,NaN,n02107574_00049931.png
dinov2,1,1969,NaN,dog,dog,NaN,n02107683_00007086.png
dinov2,1,1970,NaN,dog,dog,NaN,n02107683_00008284.png
dinov2,1,1971,NaN,dog,dog,NaN,n02107683_00011322.png
dinov2,1,1972,NaN,dog,dog,NaN,n02107683_00020589.png
dinov2,1,1973,NaN,dog,dog,NaN,n02107683_00021846.png
dinov2,1,1974,NaN,dog,dog,NaN,n02107683_00022109.png
dinov2,1,1975,NaN,dog,dog,NaN,n02107683_00025474.png
dinov2,1,1976,NaN,dog,dog,NaN,n02107683_00029461.png
dinov2,1,1977,NaN,dog,dog,NaN,n02107683_00033164.png
dinov2,1,1978,NaN,dog,dog,NaN,n02107683_00033982.png
dinov2,1,1979,NaN,dog,dog,NaN,n02107683_00035628.png
dinov2,1,1980,NaN,dog,dog,NaN,n02107683_00041233.png
dinov2,1,1981,NaN,dog,dog,NaN,n02107683_00046247.png
dinov2,1,1982,NaN,dog,dog,NaN,n02107683_00048486.png
dinov2,1,1983,NaN,dog,dog,NaN,n02107683_00049417.png
dinov2,1,1984,NaN,dog,dog,NaN,n02107908_00002989.png
dinov2,1,1985,NaN,dog,dog,NaN,n02107908_00012901.png
dinov2,1,1986,NaN,dog,dog,NaN,n02107908_00040222.png
dinov2,1,1987,NaN,dog,dog,NaN,n02107908_00040909.png
dinov2,1,1988,NaN,dog,dog,NaN,n02107908_00040952.png
dinov2,1,1989,NaN,dog,dog,NaN,n02107908_00044380.png
dinov2,1,1990,NaN,dog,dog,NaN,n02108000_00002234.png
dinov2,1,1991,NaN,dog,dog,NaN,n02108000_00002277.png
dinov2,1,1992,NaN,dog,dog,NaN,n02108000_00005283.png
dinov2,1,1993,NaN,dog,dog,NaN,n02108000_00006168.png
dinov2,1,1994,NaN,dog,dog,NaN,n02108000_00006920.png
dinov2,1,1995,NaN,clock,dog,NaN,n02108000_00008114.png
dinov2,1,1996,NaN,dog,dog,NaN,n02108000_00012140.png
dinov2,1,1997,NaN,dog,dog,NaN,n02108000_00032522.png
dinov2,1,1998,NaN,dog,dog,NaN,n02108000_00036796.png
dinov2,1,1999,NaN,dog,dog,NaN,n02108000_00037858.png
dinov2,1,2000,NaN,dog,dog,NaN,n02108422_00002516.png
dinov2,1,2001,NaN,dog,dog,NaN,n02108422_00004056.png
dinov2,1,2002,NaN,dog,dog,NaN,n02108422_00004963.png
dinov2,1,2003,NaN,dog,dog,NaN,n02108422_00007190.png
dinov2,1,2004,NaN,dog,dog,NaN,n02108422_00008003.png
dinov2,1,2005,NaN,dog,dog,NaN,n02108422_00014755.png
dinov2,1,2006,NaN,dog,dog,NaN,n02108422_00017075.png
dinov2,1,2007,NaN,dog,dog,NaN,n02108422_00017599.png
dinov2,1,2008,NaN,dog,dog,NaN,n02108422_00022776.png
dinov2,1,2009,NaN,dog,dog,NaN,n02108422_00023231.png
dinov2,1,2010,NaN,dog,dog,NaN,n02108422_00026154.png
dinov2,1,2011,NaN,dog,dog,NaN,n02108422_00037811.png
dinov2,1,2012,NaN,dog,dog,NaN,n02108422_00041144.png
dinov2,1,2013,NaN,dog,dog,NaN,n02108551_00006242.png
dinov2,1,2014,NaN,dog,dog,NaN,n02108551_00006957.png
dinov2,1,2015,NaN,dog,dog,NaN,n02108551_00025617.png
dinov2,1,2016,NaN,dog,dog,NaN,n02108551_00028229.png
dinov2,1,2017,NaN,dog,dog,NaN,n02108551_00037388.png
dinov2,1,2018,NaN,dog,dog,NaN,n02108551_00039969.png
dinov2,1,2019,NaN,dog,dog,NaN,n02108551_00042391.png
dinov2,1,2020,NaN,dog,dog,NaN,n02108551_00043131.png
dinov2,1,2021,NaN,dog,dog,NaN,n02108551_00046776.png
dinov2,1,2022,NaN,dog,dog,NaN,n02108551_00047566.png
dinov2,1,2023,NaN,dog,dog,NaN,n02108551_00047808.png
dinov2,1,2024,NaN,dog,dog,NaN,n02108551_00048818.png
dinov2,1,2025,NaN,oven,dog,NaN,n02108915_00003938.png
dinov2,1,2026,NaN,dog,dog,NaN,n02108915_00005126.png
dinov2,1,2027,NaN,dog,dog,NaN,n02108915_00014115.png
dinov2,1,2028,NaN,dog,dog,NaN,n02108915_00017968.png
dinov2,1,2029,NaN,dog,dog,NaN,n02108915_00022996.png
dinov2,1,2030,NaN,dog,dog,NaN,n02108915_00027220.png
dinov2,1,2031,NaN,dog,dog,NaN,n02108915_00034420.png
dinov2,1,2032,NaN,dog,dog,NaN,n02108915_00040645.png
dinov2,1,2033,NaN,dog,dog,NaN,n02108915_00040947.png
dinov2,1,2034,NaN,dog,dog,NaN,n02108915_00047762.png
dinov2,1,2035,NaN,dog,dog,NaN,n02109047_00002330.png
dinov2,1,2036,NaN,dog,dog,NaN,n02109047_00013414.png
dinov2,1,2037,NaN,dog,dog,NaN,n02109047_00013475.png
dinov2,1,2038,NaN,dog,dog,NaN,n02109047_00018866.png
dinov2,1,2039,NaN,dog,dog,NaN,n02109047_00025652.png
dinov2,1,2040,NaN,dog,dog,NaN,n02109047_00032160.png
dinov2,1,2041,NaN,dog,dog,NaN,n02109047_00033634.png
dinov2,1,2042,NaN,dog,dog,NaN,n02109047_00042206.png
dinov2,1,2043,NaN,dog,dog,NaN,n02109525_00002609.png
dinov2,1,2044,NaN,dog,dog,NaN,n02109525_00002706.png
dinov2,1,2045,NaN,dog,dog,NaN,n02109525_00004366.png
dinov2,1,2046,NaN,dog,dog,NaN,n02109525_00007813.png
dinov2,1,2047,NaN,dog,dog,NaN,n02109525_00009774.png
dinov2,1,2048,NaN,dog,dog,NaN,n02109525_00013885.png
dinov2,1,2049,NaN,dog,dog,NaN,n02109525_00028010.png
dinov2,1,2050,NaN,clock,dog,NaN,n02109525_00030327.png
dinov2,1,2051,NaN,dog,dog,NaN,n02109525_00033703.png
dinov2,1,2052,NaN,dog,dog,NaN,n02109525_00034025.png
dinov2,1,2053,NaN,dog,dog,NaN,n02109525_00036240.png
dinov2,1,2054,NaN,clock,dog,NaN,n02109525_00037970.png
dinov2,1,2055,NaN,dog,dog,NaN,n02109525_00048980.png
dinov2,1,2056,NaN,dog,dog,NaN,n02109961_00010011.png
dinov2,1,2057,NaN,dog,dog,NaN,n02109961_00013287.png
dinov2,1,2058,NaN,dog,dog,NaN,n02109961_00013479.png
dinov2,1,2059,NaN,dog,dog,NaN,n02109961_00018826.png
dinov2,1,2060,NaN,dog,dog,NaN,n02109961_00022133.png
dinov2,1,2061,NaN,dog,dog,NaN,n02109961_00029313.png
dinov2,1,2062,NaN,dog,dog,NaN,n02109961_00034263.png
dinov2,1,2063,NaN,dog,dog,NaN,n02109961_00044249.png
dinov2,1,2064,NaN,dog,dog,NaN,n02109961_00049841.png
dinov2,1,2065,NaN,dog,dog,NaN,n02110063_00009014.png
dinov2,1,2066,NaN,dog,dog,NaN,n02110063_00010500.png
dinov2,1,2067,NaN,dog,dog,NaN,n02110063_00019519.png
dinov2,1,2068,NaN,dog,dog,NaN,n02110063_00024218.png
dinov2,1,2069,NaN,dog,dog,NaN,n02110063_00025669.png
dinov2,1,2070,NaN,dog,dog,NaN,n02110063_00029783.png
dinov2,1,2071,NaN,dog,dog,NaN,n02110063_00038751.png
dinov2,1,2072,NaN,dog,dog,NaN,n02110063_00046768.png
dinov2,1,2073,NaN,dog,dog,NaN,n02110185_00000993.png
dinov2,1,2074,NaN,dog,dog,NaN,n02110185_00007501.png
dinov2,1,2075,NaN,dog,dog,NaN,n02110185_00008197.png
dinov2,1,2076,NaN,dog,dog,NaN,n02110185_00012604.png
dinov2,1,2077,NaN,dog,dog,NaN,n02110185_00014542.png
dinov2,1,2078,NaN,dog,dog,NaN,n02110185_00020169.png
dinov2,1,2079,NaN,dog,dog,NaN,n02110185_00023615.png
dinov2,1,2080,NaN,dog,dog,NaN,n02110185_00026086.png
dinov2,1,2081,NaN,dog,dog,NaN,n02110185_00035036.png
dinov2,1,2082,NaN,dog,dog,NaN,n02110185_00036248.png
dinov2,1,2083,NaN,dog,dog,NaN,n02110185_00039359.png
dinov2,1,2084,NaN,dog,dog,NaN,n02110185_00047342.png
dinov2,1,2085,NaN,dog,dog,NaN,n02110627_00007801.png
dinov2,1,2086,NaN,dog,dog,NaN,n02110627_00008653.png
dinov2,1,2087,NaN,dog,dog,NaN,n02110627_00012470.png
dinov2,1,2088,NaN,dog,dog,NaN,n02110627_00013524.png
dinov2,1,2089,NaN,clock,dog,NaN,n02110627_00014374.png
dinov2,1,2090,NaN,dog,dog,NaN,n02110627_00014698.png
dinov2,1,2091,NaN,dog,dog,NaN,n02110627_00025949.png
dinov2,1,2092,NaN,dog,dog,NaN,n02110627_00032592.png
dinov2,1,2093,NaN,dog,dog,NaN,n02110627_00040409.png
dinov2,1,2094,NaN,dog,dog,NaN,n02110627_00043933.png
dinov2,1,2095,NaN,dog,dog,NaN,n02110627_00045250.png
dinov2,1,2096,NaN,dog,dog,NaN,n02110627_00046825.png
dinov2,1,2097,NaN,dog,dog,NaN,n02110627_00047479.png
dinov2,1,2098,NaN,dog,dog,NaN,n02110627_00049147.png
dinov2,1,2099,NaN,dog,dog,NaN,n02110627_00049939.png
dinov2,1,2100,NaN,dog,dog,NaN,n02110806_00001344.png
dinov2,1,2101,NaN,dog,dog,NaN,n02110806_00009224.png
dinov2,1,2102,NaN,dog,dog,NaN,n02110806_00012171.png
dinov2,1,2103,NaN,dog,dog,NaN,n02110806_00012221.png
dinov2,1,2104,NaN,dog,dog,NaN,n02110806_00014332.png
dinov2,1,2105,NaN,dog,dog,NaN,n02110806_00020392.png
dinov2,1,2106,NaN,dog,dog,NaN,n02110806_00021214.png
dinov2,1,2107,NaN,dog,dog,NaN,n02110806_00028725.png
dinov2,1,2108,NaN,dog,dog,NaN,n02110806_00030364.png
dinov2,1,2109,NaN,dog,dog,NaN,n02110806_00034075.png
dinov2,1,2110,NaN,dog,dog,NaN,n02110806_00043289.png
dinov2,1,2111,NaN,dog,dog,NaN,n02110806_00043319.png
dinov2,1,2112,NaN,dog,dog,NaN,n02110958_00000333.png
dinov2,1,2113,NaN,dog,dog,NaN,n02110958_00001009.png
dinov2,1,2114,NaN,dog,dog,NaN,n02110958_00001646.png
dinov2,1,2115,NaN,dog,dog,NaN,n02110958_00007928.png
dinov2,1,2116,NaN,dog,dog,NaN,n02110958_00013278.png
dinov2,1,2117,NaN,dog,dog,NaN,n02110958_00017188.png
dinov2,1,2118,NaN,dog,dog,NaN,n02110958_00024240.png
dinov2,1,2119,NaN,dog,dog,NaN,n02110958_00025501.png
dinov2,1,2120,NaN,dog,dog,NaN,n02110958_00028408.png
dinov2,1,2121,NaN,dog,dog,NaN,n02110958_00031219.png
dinov2,1,2122,NaN,dog,dog,NaN,n02110958_00032117.png
dinov2,1,2123,NaN,dog,dog,NaN,n02110958_00047017.png
dinov2,1,2124,NaN,dog,dog,NaN,n02111129_00001762.png
dinov2,1,2125,NaN,dog,dog,NaN,n02111129_00007211.png
dinov2,1,2126,NaN,dog,dog,NaN,n02111129_00008496.png
dinov2,1,2127,NaN,dog,dog,NaN,n02111129_00010113.png
dinov2,1,2128,NaN,dog,dog,NaN,n02111129_00011141.png
dinov2,1,2129,NaN,dog,dog,NaN,n02111129_00013159.png
dinov2,1,2130,NaN,dog,dog,NaN,n02111129_00018736.png
dinov2,1,2131,NaN,dog,dog,NaN,n02111129_00021370.png
dinov2,1,2132,NaN,dog,dog,NaN,n02111129_00021379.png
dinov2,1,2133,NaN,dog,dog,NaN,n02111129_00028755.png
dinov2,1,2134,NaN,dog,dog,NaN,n02111129_00033357.png
dinov2,1,2135,NaN,dog,dog,NaN,n02111129_00040802.png
dinov2,1,2136,NaN,dog,dog,NaN,n02111129_00041337.png
dinov2,1,2137,NaN,dog,dog,NaN,n02111129_00048310.png
dinov2,1,2138,NaN,dog,dog,NaN,n02111129_00049627.png
dinov2,1,2139,NaN,dog,dog,NaN,n02111277_00000045.png
dinov2,1,2140,NaN,dog,dog,NaN,n02111277_00008111.png
dinov2,1,2141,NaN,dog,dog,NaN,n02111277_00011229.png
dinov2,1,2142,NaN,dog,dog,NaN,n02111277_00012380.png
dinov2,1,2143,NaN,dog,dog,NaN,n02111277_00013387.png
dinov2,1,2144,NaN,dog,dog,NaN,n02111277_00014151.png
dinov2,1,2145,NaN,dog,dog,NaN,n02111277_00016890.png
dinov2,1,2146,NaN,dog,dog,NaN,n02111277_00024148.png
dinov2,1,2147,NaN,dog,dog,NaN,n02111277_00027699.png
dinov2,1,2148,NaN,dog,dog,NaN,n02111277_00034681.png
dinov2,1,2149,NaN,dog,dog,NaN,n02111277_00036159.png
dinov2,1,2150,NaN,dog,dog,NaN,n02111277_00042303.png
dinov2,1,2151,NaN,dog,dog,NaN,n02111277_00047062.png
dinov2,1,2152,NaN,dog,dog,NaN,n02111500_00017735.png
dinov2,1,2153,NaN,dog,dog,NaN,n02111500_00036075.png
dinov2,1,2154,NaN,dog,dog,NaN,n02111500_00036918.png
dinov2,1,2155,NaN,dog,dog,NaN,n02111500_00037462.png
dinov2,1,2156,NaN,dog,dog,NaN,n02111500_00040368.png
dinov2,1,2157,NaN,dog,dog,NaN,n02112018_00003583.png
dinov2,1,2158,NaN,dog,dog,NaN,n02112018_00010697.png
dinov2,1,2159,NaN,dog,dog,NaN,n02112018_00022376.png
dinov2,1,2160,NaN,dog,dog,NaN,n02112018_00024590.png
dinov2,1,2161,NaN,dog,dog,NaN,n02112018_00038201.png
dinov2,1,2162,NaN,dog,dog,NaN,n02112018_00042213.png
dinov2,1,2163,NaN,dog,dog,NaN,n02112018_00047289.png
dinov2,1,2164,NaN,dog,dog,NaN,n02112350_00002546.png
dinov2,1,2165,NaN,dog,dog,NaN,n02112350_00002749.png
dinov2,1,2166,NaN,dog,dog,NaN,n02112350_00013160.png
dinov2,1,2167,NaN,dog,dog,NaN,n02112350_00013279.png
dinov2,1,2168,NaN,dog,dog,NaN,n02112350_00018701.png
dinov2,1,2169,NaN,dog,dog,NaN,n02112350_00038567.png
dinov2,1,2170,NaN,dog,dog,NaN,n02112350_00039240.png
dinov2,1,2171,NaN,dog,dog,NaN,n02112350_00040313.png
dinov2,1,2172,NaN,dog,dog,NaN,n02112350_00043417.png
dinov2,1,2173,NaN,dog,dog,NaN,n02112706_00009435.png
dinov2,1,2174,NaN,dog,dog,NaN,n02112706_00024462.png
dinov2,1,2175,NaN,dog,dog,NaN,n02112706_00024967.png
dinov2,1,2176,NaN,dog,dog,NaN,n02112706_00029152.png
dinov2,1,2177,NaN,dog,dog,NaN,n02112706_00031787.png
dinov2,1,2178,NaN,dog,dog,NaN,n02112706_00042912.png
dinov2,1,2179,NaN,dog,dog,NaN,n02112706_00043845.png
dinov2,1,2180,NaN,dog,dog,NaN,n02112706_00044473.png
dinov2,1,2181,NaN,dog,dog,NaN,n02112706_00044772.png
dinov2,1,2182,NaN,dog,dog,NaN,n02112706_00046390.png
dinov2,1,2183,NaN,dog,dog,NaN,n02112706_00047146.png
dinov2,1,2184,NaN,dog,dog,NaN,n02112706_00049650.png
dinov2,1,2185,NaN,dog,dog,NaN,n02113023_00001096.png
dinov2,1,2186,NaN,dog,dog,NaN,n02113023_00001768.png
dinov2,1,2187,NaN,dog,dog,NaN,n02113023_00012060.png
dinov2,1,2188,NaN,dog,dog,NaN,n02113023_00016302.png
dinov2,1,2189,NaN,dog,dog,NaN,n02113023_00034277.png
dinov2,1,2190,NaN,dog,dog,NaN,n02113023_00035552.png
dinov2,1,2191,NaN,dog,dog,NaN,n02113023_00041098.png
dinov2,1,2192,NaN,dog,dog,NaN,n02113023_00045747.png
dinov2,1,2193,NaN,dog,dog,NaN,n02113023_00047654.png
dinov2,1,2194,NaN,dog,dog,NaN,n02113023_00048842.png
dinov2,1,2195,NaN,dog,dog,NaN,n02113624_00000147.png
dinov2,1,2196,NaN,dog,dog,NaN,n02113624_00000867.png
dinov2,1,2197,NaN,dog,dog,NaN,n02113624_00004852.png
dinov2,1,2198,NaN,dog,dog,NaN,n02113624_00006887.png
dinov2,1,2199,NaN,dog,dog,NaN,n02113624_00012904.png
dinov2,1,2200,NaN,dog,dog,NaN,n02113624_00014957.png
dinov2,1,2201,NaN,dog,dog,NaN,n02113624_00023113.png
dinov2,1,2202,NaN,dog,dog,NaN,n02113624_00033017.png
dinov2,1,2203,NaN,dog,dog,NaN,n02113624_00037437.png
dinov2,1,2204,NaN,dog,dog,NaN,n02113624_00037634.png
dinov2,1,2205,NaN,dog,dog,NaN,n02113712_00012355.png
dinov2,1,2206,NaN,dog,dog,NaN,n02113712_00031306.png
dinov2,1,2207,NaN,dog,dog,NaN,n02113799_00000399.png
dinov2,1,2208,NaN,dog,dog,NaN,n02113799_00009464.png
dinov2,1,2209,NaN,dog,dog,NaN,n02113799_00010612.png
dinov2,1,2210,NaN,dog,dog,NaN,n02113799_00012255.png
dinov2,1,2211,NaN,dog,dog,NaN,n02113799_00013083.png
dinov2,1,2212,NaN,dog,dog,NaN,n02113799_00014975.png
dinov2,1,2213,NaN,dog,dog,NaN,n02113799_00016697.png
dinov2,1,2214,NaN,dog,dog,NaN,n02113799_00016805.png
dinov2,1,2215,NaN,dog,dog,NaN,n02113799_00022629.png
dinov2,1,2216,NaN,dog,dog,NaN,n02113799_00025065.png
dinov2,1,2217,NaN,dog,dog,NaN,n02113799_00029375.png
dinov2,1,2218,NaN,dog,dog,NaN,n02113799_00029775.png
dinov2,1,2219,NaN,dog,dog,NaN,n02113799_00032280.png
dinov2,1,2220,NaN,dog,dog,NaN,n02113799_00035597.png
dinov2,1,2221,NaN,dog,dog,NaN,n02113799_00046823.png
dinov2,1,2222,NaN,dog,dog,NaN,n02113978_00004782.png
dinov2,1,2223,NaN,dog,dog,NaN,n02113978_00008727.png
dinov2,1,2224,NaN,dog,dog,NaN,n02113978_00011202.png
dinov2,1,2225,NaN,dog,dog,NaN,n02113978_00013045.png
dinov2,1,2226,NaN,dog,dog,NaN,n02113978_00014845.png
dinov2,1,2227,NaN,dog,dog,NaN,n02113978_00018055.png
dinov2,1,2228,NaN,dog,dog,NaN,n02113978_00019665.png
dinov2,1,2229,NaN,dog,dog,NaN,n02113978_00028908.png
dinov2,1,2230,NaN,dog,dog,NaN,n02113978_00031747.png
dinov2,1,2231,NaN,dog,dog,NaN,n02113978_00044882.png
dinov2,1,2232,NaN,dog,dog,NaN,n02113978_00049044.png
dinov2,1,2233,NaN,dog,dog,NaN,n02113978_00049908.png
dinov2,1,2234,NaN,elephant,elephant,NaN,n02504013_00020120.png
dinov2,1,2235,NaN,elephant,elephant,NaN,n02504013_00022028.png
dinov2,1,2236,NaN,elephant,elephant,NaN,n02504013_00022872.png
dinov2,1,2237,NaN,elephant,elephant,NaN,n02504013_00023398.png
dinov2,1,2238,NaN,elephant,elephant,NaN,n02504013_00033854.png
dinov2,1,2239,NaN,elephant,elephant,NaN,n02504013_00035137.png
dinov2,1,2240,NaN,elephant,elephant,NaN,n02504013_00040923.png
dinov2,1,2241,NaN,elephant,elephant,NaN,n02504013_00042879.png
dinov2,1,2242,NaN,elephant,elephant,NaN,n02504013_00045103.png
dinov2,1,2243,NaN,elephant,elephant,NaN,n02504458_00002282.png
dinov2,1,2244,NaN,elephant,elephant,NaN,n02504458_00004013.png
dinov2,1,2245,NaN,elephant,elephant,NaN,n02504458_00005109.png
dinov2,1,2246,NaN,elephant,elephant,NaN,n02504458_00015578.png
dinov2,1,2247,NaN,elephant,elephant,NaN,n02504458_00022907.png
dinov2,1,2248,NaN,elephant,elephant,NaN,n02504458_00027908.png
dinov2,1,2249,NaN,elephant,elephant,NaN,n02504458_00038578.png
dinov2,1,2250,NaN,elephant,elephant,NaN,n02504458_00041799.png
dinov2,1,2251,NaN,elephant,elephant,NaN,n02504458_00048090.png
dinov2,1,2252,NaN,keyboard,keyboard,NaN,n04505470_00007790.png
dinov2,1,2253,NaN,keyboard,keyboard,NaN,n04505470_00008260.png
dinov2,1,2254,NaN,keyboard,keyboard,NaN,n04505470_00008530.png
dinov2,1,2255,NaN,keyboard,keyboard,NaN,n04505470_00018176.png
dinov2,1,2256,NaN,keyboard,keyboard,NaN,n04505470_00021698.png
dinov2,1,2257,NaN,keyboard,keyboard,NaN,n04505470_00022077.png
dinov2,1,2258,NaN,keyboard,keyboard,NaN,n04505470_00026053.png
dinov2,1,2259,NaN,keyboard,keyboard,NaN,n04505470_00045117.png
dinov2,1,2260,NaN,knife,knife,NaN,n03041632_00000564.png
dinov2,1,2261,NaN,knife,knife,NaN,n03041632_00000582.png
dinov2,1,2262,NaN,knife,knife,NaN,n03041632_00006102.png
dinov2,1,2263,NaN,knife,knife,NaN,n03041632_00009367.png
dinov2,1,2264,NaN,knife,knife,NaN,n03041632_00014528.png
dinov2,1,2265,NaN,knife,knife,NaN,n03041632_00020998.png
dinov2,1,2266,NaN,knife,knife,NaN,n03041632_00027812.png
dinov2,1,2267,NaN,knife,knife,NaN,n03041632_00029833.png
dinov2,1,2268,NaN,knife,knife,NaN,n03041632_00034599.png
dinov2,1,2269,NaN,knife,knife,NaN,n03041632_00034765.png
dinov2,1,2270,NaN,knife,knife,NaN,n03041632_00038966.png
dinov2,1,2271,NaN,truck,truck,NaN,n03345487_00000764.png
dinov2,1,2272,NaN,truck,truck,NaN,n03345487_00003016.png
dinov2,1,2273,NaN,truck,truck,NaN,n03345487_00003384.png
dinov2,1,2274,NaN,truck,truck,NaN,n03345487_00008767.png
dinov2,1,2275,NaN,truck,truck,NaN,n03345487_00011102.png
dinov2,1,2276,NaN,truck,truck,NaN,n03345487_00014385.png
dinov2,1,2277,NaN,truck,truck,NaN,n03345487_00016650.png
dinov2,1,2278,NaN,truck,truck,NaN,n03345487_00034104.png
dinov2,1,2279,NaN,truck,truck,NaN,n03345487_00047461.png
dinov2,1,2280,NaN,truck,truck,NaN,n03345487_00047588.png
dinov2,1,2281,NaN,truck,truck,NaN,n03345487_00047888.png
dinov2,1,2282,NaN,truck,truck,NaN,n03417042_00001144.png
dinov2,1,2283,NaN,truck,truck,NaN,n03417042_00002210.png
dinov2,1,2284,NaN,truck,truck,NaN,n03417042_00002434.png
dinov2,1,2285,NaN,truck,truck,NaN,n03417042_00009780.png
dinov2,1,2286,NaN,truck,truck,NaN,n03417042_00013827.png
dinov2,1,2287,NaN,truck,truck,NaN,n03417042_00013925.png
dinov2,1,2288,NaN,truck,truck,NaN,n03417042_00019147.png
dinov2,1,2289,NaN,truck,truck,NaN,n03417042_00021253.png
dinov2,1,2290,NaN,truck,truck,NaN,n03417042_00025379.png
dinov2,1,2291,NaN,truck,truck,NaN,n03417042_00025416.png
dinov2,1,2292,NaN,truck,truck,NaN,n03417042_00029377.png
dinov2,1,2293,NaN,truck,truck,NaN,n03417042_00031313.png
dinov2,1,2294,NaN,truck,truck,NaN,n03417042_00032800.png
dinov2,1,2295,NaN,truck,truck,NaN,n03417042_00038268.png
dinov2,1,2296,NaN,truck,truck,NaN,n03770679_00040512.png
dinov2,1,2297,NaN,truck,truck,NaN,n03796401_00001984.png
dinov2,1,2298,NaN,truck,truck,NaN,n03796401_00026301.png
dinov2,1,2299,NaN,truck,truck,NaN,n03796401_00031141.png
dinov2,1,2300,NaN,truck,truck,NaN,n03796401_00033792.png
dinov2,1,2301,NaN,truck,truck,NaN,n03796401_00042891.png
dinov2,1,2302,NaN,truck,truck,NaN,n03796401_00045490.png
dinov2,1,2303,NaN,truck,truck,NaN,n03930630_00001307.png
dinov2,1,2304,NaN,truck,truck,NaN,n03930630_00013704.png
dinov2,1,2305,NaN,truck,truck,NaN,n03930630_00017360.png
dinov2,1,2306,NaN,truck,truck,NaN,n03930630_00018700.png
dinov2,1,2307,NaN,truck,truck,NaN,n03930630_00025354.png
dinov2,1,2308,NaN,truck,truck,NaN,n03930630_00026922.png
dinov2,1,2309,NaN,truck,truck,NaN,n03930630_00032894.png
dinov2,1,2310,NaN,truck,truck,NaN,n03930630_00033589.png
dinov2,1,2311,NaN,truck,truck,NaN,n03930630_00035897.png
dinov2,1,2312,NaN,truck,truck,NaN,n03930630_00047595.png
dinov2,1,2313,NaN,truck,truck,NaN,n03930630_00047676.png
dinov2,1,2314,NaN,truck,truck,NaN,n03930630_00049789.png
dinov2,1,2315,NaN,truck,truck,NaN,n03977966_00000452.png
dinov2,1,2316,NaN,truck,truck,NaN,n03977966_00005345.png
dinov2,1,2317,NaN,truck,truck,NaN,n03977966_00010650.png
dinov2,1,2318,NaN,truck,truck,NaN,n03977966_00011461.png
dinov2,1,2319,NaN,truck,truck,NaN,n03977966_00016091.png
dinov2,1,2320,NaN,truck,truck,NaN,n03977966_00021717.png
dinov2,1,2321,NaN,truck,truck,NaN,n03977966_00023057.png
dinov2,1,2322,NaN,truck,truck,NaN,n03977966_00029106.png
dinov2,1,2323,NaN,truck,truck,NaN,n03977966_00042503.png
dinov2,1,2324,NaN,truck,truck,NaN,n04461696_00000671.png
dinov2,1,2325,NaN,clock,truck,NaN,n04461696_00006530.png
dinov2,1,2326,NaN,truck,truck,NaN,n04461696_00012703.png
dinov2,1,2327,NaN,truck,truck,NaN,n04461696_00022276.png
dinov2,1,2328,NaN,truck,truck,NaN,n04461696_00039294.png
dinov2,1,2329,NaN,truck,truck,NaN,n04461696_00039723.png
dinov2,1,2330,NaN,truck,truck,NaN,n04461696_00040180.png
dinov2,1,2331,NaN,truck,truck,NaN,n04461696_00046121.png
dinov2,1,2332,NaN,truck,truck,NaN,n04461696_00046241.png
dinov2,1,2333,NaN,truck,truck,NaN,n04467665_00001579.png
dinov2,1,2334,NaN,truck,truck,NaN,n04467665_00001797.png
dinov2,1,2335,NaN,truck,truck,NaN,n04467665_00005422.png
dinov2,1,2336,NaN,truck,truck,NaN,n04467665_00013205.png
dinov2,1,2337,NaN,truck,truck,NaN,n04467665_00014857.png
dinov2,1,2338,NaN,truck,truck,NaN,n04467665_00015969.png
dinov2,1,2339,NaN,truck,truck,NaN,n04467665_00021567.png
dinov2,1,2340,NaN,truck,truck,NaN,n04467665_00029849.png
dinov2,1,2341,NaN,truck,truck,NaN,n04467665_00033387.png
dinov2,1,2342,NaN,truck,truck,NaN,n04467665_00033804.png
dinov2,1,2343,NaN,truck,truck,NaN,n04467665_00034001.png
dinov2,1,2344,NaN,truck,truck,NaN,n04467665_00046771.png
